file	klass	player	mode	frames	move_nonzero_frac	move_active_frac	med_yaw_delta	max_yaw_delta	yaw_jump_frac	duration_s	cmd_rate	eof_clean
quakeworld__CHTV_PAIN-North_America_DS-North_America_isym_DM3_QuakeWorld_4v4__PAINvsDS.qwd	ambiguous	painvsds	team/4on4	34097	0.4556	0.4556	0.0	180.0	0.0009	445.397949	76.554	True
quakeworld__CHTV_chrisandothers-USA_aimbot-USA_chris_dm3_QWCA_Domination__botvsall.qwd	ambiguous	botvsall	team/4on4	12833	0.5141	0.5074	0.0	177.71	0.0005	295.190918	43.474	True
quakeworld__CHTV_joi-Sweden_none-_joi_dm3_QuakeWorld_Trick__joitrick.qwd	ambiguous	joitrick	team/4on4	845	0.3302	0.3302	0.0	179.06	0.0095	11.816	71.513	True
quakeworld__CHTV_fm-phil-USA_none-USA_fm-phil_dm3_QuakeWorld_Trick__gmoney_take2.qwd	ambiguous	gmoney	team/4on4	617	0.4133	0.4068	0.198	13.86	0.0	8.625626	71.531	True
quakeworld__CHTV_fm-phil-USA_none-USA_fm-phil_dm3_QuakeWorld_Trick__gmoney_take3.qwd	ambiguous	gmoney	team/4on4	545	0.4055	0.4018	0.0	6.34	0.0	8.103638	67.254	True
quakeworld__CHTV_JSS-Russia_None-Russia_JSS_Trick_pack_QW_Trick__JSS_[dm3]_2.qwd	ambiguous	jss	team/4on4	504	0.5397	0.3651	0.0	8.57	0.0	6.631714	75.998	True
quakeworld__CHTV_Newtov-USA_None-None_Newtov_Various_QuakeWorld_Trick__DM3_trick6.qwd	ambiguous	trick6	team/4on4	483	0.2277	0.2257	0.0	10.05	0.0	6.783203	71.205	True
quakeworld__CHTV_Newtov-USA_Trick-USA_Newtov_DM3_QuakeWorld_Trick__trick3.qwd	ambiguous	trick3	team/4on4	478	0.4331	0.4331	0.004	9.45	0.0	7.001465	68.271	True
quakeworld__CHTV_blah-Austria_no-Austria_blah_dm3_dm5_dm6_e1m2_QuakeWorld_1v1__dm5headbangdoublejump2.qwd	ambiguous	dm5headbangdoublejump2	duel	452	0.2478	0.2478	0.0	11.36	0.0	5.864	77.08	True
quakeworld__CHTV_JSS-Russia_None-Russia_JSS_Trick_pack_QW_Trick__JSS_[dm3]_4.qwd	ambiguous	jss	team/4on4	417	0.4293	0.4293	0.38	8.57	0.0	5.487427	75.992	True
quakeworld__CHTV_vb-Australia_The_laws_of_physics-Australia_vb_various_QW_Trick__vb_dm3_200603200111saynotoscripts.qwd	ambiguous	200603200111saynotoscripts	team/4on4	347	0.438	0.438	0.269	13.99	0.0	4.493	77.231	True
quakeworld__CHTV_blah-Austria_no-Austria_blah_dm3_dm5_dm6_e1m2_QuakeWorld_1v1__dm5headbangdoublejump.qwd	ambiguous	dm5headbangdoublejump	duel	340	0.3882	0.3824	0.0	1.32	0.0	4.404	77.203	True
quakeworld__CHTV_blah-Austria_no-Austria_blah_dm3_dm5_dm6_e1m2_QuakeWorld_1v1__e1m2headbangdoublejump.qwd	ambiguous	e1m2headbangdoublejump	duel	332	0.4127	0.4006	0.258	15.05	0.0	4.309	77.048	True
quakeworld__CHTV_the-interceptor-Sweden_trick-_the-interceptor_various_QuakeWorld_Trick__dm3-trick-01.qwd	ambiguous	trick	team/4on4	326	0.4847	0.4847	0.445	8.32	0.0	4.56	71.491	True
quakeworld__CHTV_blah-Austria_no-Austria_blah_dm3_dm5_dm6_e1m2_QuakeWorld_1v1__dm3doublejump.qwd	ambiguous	dm3doublejump	duel	322	0.3727	0.3665	0.0	16.89	0.0	4.173	77.163	True
quakeworld__CHTV_blah-Austria_no-Austria_blah_dm3_dm5_dm6_e1m2_QuakeWorld_1v1__dm6doublejump3.qwd	ambiguous	dm6doublejump3	duel	315	0.4476	0.4444	0.003	5.8	0.0	4.081	77.187	True
quakeworld__CHTV_vb-Australia_crunch_vb-Australia_vb_Various_QW_Trick__vb_dm3_jumpatyaquad-directlyaboveya.qwd	ambiguous	jumpatyaquad	team/4on4	281	0.4947	0.4947	0.0	20.32	0.0	3.639	77.219	True
quakeworld__CHTV_vb-Australia_vb-Australia_vb_various_QW_Trick__vb_dm3_jumpatyaquad-directlyaboveya.qwd	ambiguous	jumpatyaquad	team/4on4	281	0.4947	0.4947	0.0	20.32	0.0	3.651123	76.963	True
quakeworld__CHTV_the-interceptor-Sweden_trick-_the-interceptor_various_QuakeWorld_Trick__dm3-trick-03.qwd	ambiguous	trick	team/4on4	261	0.5441	0.3755	0.31	13.77	0.0	3.646	71.585	True
quakeworld__CHTV_BogoJoker-USA_none-USA_BogoJoker_various_QuakeWorld_Trick__dm3-cool.qwd	ambiguous	cool	team/4on4	258	0.5194	0.5078	0.671	14.21	0.0	3.598145	71.704	True
SmackDown3__game_504_Twats_CD_1_DM3_Cataclysm.qwd	parse_fail	cataclysm	team/4on4	0								
SmackDown4__game_716_hgc__l__1_dm3_mvd.qwd	parse_fail	mvd	team/4on4	0								
SmackDown6__game_1132_-os-_a2k_1_dm3_all.qwd	parse_fail	all	team/4on4	0								
smackdown2__game_58___1_DM3_TEST.qwd	parse_fail	test	team/4on4	0								
quakeworld__CHTV_-7g--USA_Mafia-USA_zilla_dm3_QuakeWorld_CA.qwd	parse_fail	zilla	team/4on4	0								
SmackDown3__game_451_Quad_ED_1_DM3_clawfinger.qwd	self_pov	clawfinger	team/4on4	212033	0.7052	0.7052	0.308	179.9	0.0014	3059.031982	69.314	True
smackdown2__60_forsberg_dm3_e1m2.qwd	self_pov	e1m2	team/4on4	181327	0.828	0.828	0.439	180.0	0.0004	2540.804932	71.366	True
smackdown2__thdm_list_1_dm3_aircon.qwd	self_pov	aircon	team/4on4	122416	0.6897	0.6894	0.0	172.64	0.0003	1714.387939	71.405	True
quakeworld__CHTV_Dunno-Sweden_Various-Sweden_Various_Various_QW_4v4__4on4_d_vs__s__dm3_pietro.qwd	self_pov	pietro	team/4on4	104797	0.7564	0.7471	0.225	179.81	0.0005	1472.467041	71.171	True
quakeworld__CHTV_Camp-Sweden_HGC-Poland_hagge_dm3_QuakeWorld_4v4__hagge_camp_vs_hgc_dm3_3.qwd	self_pov	hagge	team/4on4	100838	0.7924	0.7924	0.363	176.45	0.0002	1325.805054	76.058	True
smackdown__ag-vs-xx-daw-dm3.qwd	self_pov	ag	team/4on4	100646	0.7587	0.7538	0.088	171.69	0.0001	1409.223999	71.419	True
SmackDown3__game_537_List_LOK_2_DM3_arnie.qwd	self_pov	arnie	team/4on4	98806	0.6122	0.6122	0.071	166.39	0.0002	1382.844971	71.451	True
smackdown2__chtv-smackdown2-eg-vs-5-wang-dm3.qwd	self_pov	wang	team/4on4	98700	0.5733	0.5733	0.137	179.71	0.0002	1382.682983	71.383	True
smackdown2__para_fu_1_dm3_PARA.qwd	self_pov	para	team/4on4	97918	0.7532	0.7532	0.33	179.84	0.0007	1370.906006	71.426	True
quakeworld__CHTV_Nine-Sweden_Various-Sweden_Various_Various_QW_4v4__4on4_9_vs_dr_dm3_okkun.qwd	self_pov	okkun	team/4on4	97295	0.7601	0.758	0.0	179.64	0.0003	1411.72998	68.919	True
smackdown__lkdn_ttr_2_dm3_blind.qwd	self_pov	blind	team/4on4	96540	0.7773	0.7716	0.401	178.15	0.0003	1355.022949	71.246	True
smackdown__ff_pietro__ff__vs___E__dm3_2.qwd	self_pov	ff	team/4on4	95679	0.8045	0.7928	0.445	179.28	0.0006	1340.146973	71.394	True
smackdown2__koff_adt_1_dm3_Scenic.qwd	self_pov	scenic	team/4on4	95646	0.7568	0.7442	0.527	179.93	0.0004	1342.985962	71.219	True
SmackDown3__game_537_List_LOK_2_DM3_aircon.qwd	self_pov	aircon	team/4on4	95578	0.7267	0.7267	0.247	173.92	0.0003	1338.910034	71.385	True
SmackDown3__game_561_Twats_HPR_1_DM3_dakoth.qwd	self_pov	dakoth	team/4on4	95099	0.7653	0.7653	0.308	176.93	0.0005	1332.631958	71.362	True
quakeworld__CHTV_Fired-USA_Fnu-USA_Sassa_dm3_QuakeWorld_4v4__fnu_sassa_[_fnu]_-_[f]_4-4_dm3_.qwd	self_pov	f	team/4on4	94593	0.73	0.73	0.269	175.95	0.0004	1232.380981	76.756	True
quakeworld__CHTV_r3v-USA_vs-USA_d1eh4rd-r3v_dm3_QW_4v4__diehard_vs1.qwd	self_pov	diehard	team/4on4	94341	0.7694	0.7624	0.181	177.15	0.0004	1322.694031	71.325	True
SmackDown5__game_844_jams_amd_1_dm3_telly.qwd	self_pov	telly	team/4on4	94216	0.8585	0.8521	0.615	175.81	0.0003	1235.427979	76.262	True
quakeworld__CHTV_Maniacs-Sweden_Blt-Finland_Sassa_dm3_QuakeWorld_4v4__sassa_[[0]]_-_[blt]_4-4_dm3_.qwd	self_pov	blt	team/4on4	94216	0.821	0.821	0.406	179.81	0.0004	1229.369995	76.638	True
quakeworld__CHTV_6_-_O_cla-Brazil__Anm_-_Animaniacs-Brazil_memil_dm3_QuakeWorld_4v4__6.memil_-_[4on4_ocla[vs]1]_-_[dm3]_000.qwd	self_pov	ocla	team/4on4	94145	0.6945	0.6943	0.465	171.86	0.0003	1222.680664	76.999	True
SmackDown5__game_966_cmf_para_2_dm3_fix.qwd	self_pov	fix	team/4on4	94131	0.7977	0.7933	0.527	174.13	0.0004	1224.987061	76.842	True
quakeworld__CHTV_Antiquad-Finland_DeathTeam-Russia_Cougar_dm3_QuakeWorld_4v4__CB_aq_vs_dt_dm3_cougar.qwd	self_pov	cougar	team/4on4	93816	0.8251	0.8219	0.879	165.0	0.0002	1220.362061	76.876	True
quakeworld__CHTV_DvL-Portugal_4ng3ls-Portugal_all_dm3_QuakeWorld_4v4__26-06-03_insane-dvl-4ng3ls__dm3.qwd	self_pov	4ng3ls	team/4on4	93674	0.7557	0.7416	0.423	180.0	0.0004	1235.906006	75.794	True
SmackDown5__game_844_jams_amd_1_dm3_nih.qwd	self_pov	nih	team/4on4	93639	0.8038	0.8038	0.192	179.59	0.0006	1218.668945	76.837	True
SmackDown5__game_870_trash_-tf-_2_dm3_hangtime.qwd	self_pov	hangtime	team/4on4	93514	0.774	0.7727	0.681	180.0	0.0004	1216.55603	76.868	True
quakeworld__CHTV_O_Cla_[6]-Brazil_Animaniacs_[AnM]-Brazil_doob_dm3_QW_4v4__6_VS_anm_100percent_doob_.qwd	self_pov	anm	team/4on4	93484	0.7117	0.7104	0.341	143.09	0.0001	1214.276367	76.987	True
quakeworld__CHTV_O_Cla_[6]-Brazil_Lords_of_War_[LoW]-Brazil_doob_dm3_QW_3v3__2004-09-10_3on3_low_vs_[oc]_dm3_000.qwd	self_pov	oc	team/4on4	93463	0.8104	0.8078	0.546	162.05	0.0003	1214.289062	76.969	True
quakeworld__CHTV_Slackers-Europe_Firing_Squad-Europe_]sr[_dm3_QuakeWorld_4v4__Gamer_]sr[_vs_fs_dm3_sfinal.qwd	self_pov	sfinal	team/4on4	93435	0.803	0.7893	0.604	178.12	0.0003	1214.470947	76.935	True
quakeworld__CHTV_bulldozer_def_drako_pony-USA_cyan_kovaak_myth_ultimo-USA_def_dm3_QW_4v4__2005_07_17_def_zodiak_drako_bulldozer_[vs]_cyan_ultimo_kovaak_myth_dm3_.qwd	self_pov	myth	team/4on4	93386	0.8103	0.8103	0.615	173.33	0.0003	1214.178955	76.913	True
smackdown2__fa_poc_1_dm3_beasil.qwd	self_pov	beasil	team/4on4	93302	0.832	0.832	0.313	137.11	0.0002	1307.537964	71.357	True
SmackDown5__game_870_trash_-tf-_2_dm3_rush.qwd	self_pov	rush	team/4on4	93233	0.7997	0.7931	0.313	180.0	0.0005	1215.531006	76.701	True
quakeworld__CHTV_FiringSquad-Europe_Qandrane-Europe_fix_dm3_e1m2_QuakeWorld_4v4__qand_vs_[fs]_dm3_03-10-12_000.qwd	self_pov	qand	team/4on4	93146	0.841	0.841	0.615	179.21	0.0006	1214.427979	76.699	True
SmackDown5__game_875_vm_-tf-_1_dm3_hiks.qwd	self_pov	hiks	team/4on4	93016	0.6982	0.6823	0.225	175.44	0.0002	1218.425049	76.341	True
quakeworld__CHTV_Maniacs-Sweden_Numeric-Europe_Sassa_dm3_QuakeWorld_4v4__sassa_[[0]]_-_[_]_4-4_dm3_.qwd	self_pov	sassa	team/4on4	92876	0.8226	0.8226	0.406	177.36	0.0005	1213.003052	76.567	True
smackdown__rb_fa_1_dm3_astro.qwd	self_pov	astro	team/4on4	92782	0.764	0.7574	0.264	166.41	0.0004	1311.008057	70.771	True
quakeworld__CHTV_mix-Sweden_mix-Sweden_Sassa_dm3_QuakeWorld_4v4__2003-12-23_blue_vs_yell_[dm3]_000.qwd	self_pov	yell	team/4on4	92665	0.84	0.84	0.593	161.5	0.0002	1214.302002	76.311	True
quakeworld__CHTV_fspanic-Sweden_cmf-Sweden_panic_DM3_QuakeWorld_4v4__panic_[[fs]]_-_[cmf]_4-4_dm3_.qwd	self_pov	cmf	team/4on4	92630	0.8237	0.8237	0.53	172.57	0.0005	1225.804504	75.567	True
smackdown2__AG_XX_1_dm3_BullDozer.qwd	self_pov	bulldozer	team/4on4	92529	0.7698	0.7698	0.297	175.67	0.0008	1296.633057	71.361	True
SmackDown5__game_942_re_-ib-_1_dm3_cara.qwd	self_pov	cara	team/4on4	92349	0.726	0.726	0.291	175.26	0.0003	1222.53894	75.539	True
SmackDown4__game_714_tec__l__1_dm3_white.qwd	self_pov	white	team/4on4	92286	0.7927	0.7852	0.335	178.06	0.0003	1293.881958	71.325	True
quakeworld__CHTV_Firing_Squad-Europe_Koff_mix-Europe_blixem_dm3_QW_4v4__4on4_[fs]_vs_koff_dm3_24-11-04_000.qwd	self_pov	4on4	team/4on4	92269	0.7094	0.7018	0.17	153.09	0.0002	1214.154297	75.994	True
SmackDown5__game_776_list_thdm_2_dm3_nevamind.qwd	self_pov	nevamind	team/4on4	92099	0.7711	0.7679	0.313	179.85	0.0004	1217.762939	75.63	True
quakeworld__CHTV_r3v-USA_vs-USA_diehard-r3v_dm3_QW_4v4__diehard_vs2.qwd	self_pov	diehard	team/4on4	91784	0.805	0.7978	0.269	173.89	0.0001	1286.798828	71.327	True
quakeworld__CHTV_FragZone-Sweden_Dreamhack2003-Sweden_Xorcist_dm3_QuakeWorld_FFA__xor_-_[10_player_ffa]_-_[dm3]_000.qwd	self_pov	ffa	ffa	91621	0.8039	0.8039	0.648	179.08	0.0008	1211.817017	75.606	True
quakeworld__CHTV_mm-Australia_soda-Australia_psikaar_dm2_dm3_e1m2_QW_4v4___psikaar_-_[4on4_mm_vs_soda]_-_[dm3]_000.qwd	self_pov	psikaar	team/4on4	91477	0.8406	0.8406	0.742	176.06	0.0004	1224.305054	74.717	True
quakeworld__CHTV_Maniacs_-Sweden_Dybbuk-Sweden_Sassa_dm3_dm2_e1m2_QuakeWorld_4v4__04-04-04_[0]_vs_dyb_[dm3]_000.qwd	self_pov	dyb	team/4on4	91300	0.8336	0.8334	0.401	178.83	0.0005	1219.343018	74.876	True
quakeworld__CHTV_Maniacs-Sweden_Zoo-Sweden_Sassa_dm3_cmt4_e1m2_QuakeWorld_4v4__04-04-02_[0]_vs_Zoo._[cmt4]_000.qwd	self_pov	zoo	team/4on4	91277	0.6332	0.6328	0.198	179.33	0.0006	1219.289551	74.861	True
smackdown2__gq_ziploc__gq_vs__dg__dm3_3.qwd	self_pov	gq	team/4on4	91200	0.9286	0.8772	0.357	179.97	0.0008	1277.535034	71.387	True
smackdown2__FF_D_2_dm3_Rat.qwd	self_pov	rat	team/4on4	91159	0.8193	0.8193	0.445	179.84	0.0003	1282.338013	71.088	True
SmackDown4__game_690_wr__sr__1_dm3_striker.qwd	self_pov	striker	team/4on4	91141	0.7937	0.7937	0.533	156.48	0.0002	1219.504028	74.736	True
quakeworld__CHTV_Slackers-Europe_Firing_Squad-Europe_]sr[_dm3_QuakeWorld_4v4__ParadokS_]sr[_vs_fs_dm3_sfinal.qwd	self_pov	sfinal	team/4on4	91049	0.8343	0.834	0.428	178.13	0.0003	1214.452026	74.971	True
quakeworld__CHTV_Maniacs-Sweden_Zoo-Sweden_Sassa_dm3_cmt4_e1m2_QuakeWorld_4v4__04-04-02_[0]_vs_Zoo._[dm3]_000.qwd	self_pov	zoo	team/4on4	90943	0.8114	0.8114	0.593	176.07	0.0005	1214.500732	74.881	True
smackdown2__dnex-fff-gq-dm3.qwd	self_pov	gq	team/4on4	90913	0.8795	0.8795	0.308	177.47	0.0004	1274.521973	71.331	True
smackdown2__[E]_n0skill__1_dm3_Vana.qwd	self_pov	vana	team/4on4	90880	0.7352	0.7286	0.33	177.63	0.0003	1279.401001	71.033	True
quakeworld__CHTV_RoT-Portugal_TAV-Portugal_all_dm3_QuakeWorld_4v4__27-06-03_nitemare-rot-tav_dm3.qwd	self_pov	tav	team/4on4	90490	0.8268	0.8214	0.593	164.5	0.0004	1237.290039	73.136	True
smackdown__ff_pietro__ff__vs___E__dm3.qwd	self_pov	ff	team/4on4	90343	0.7961	0.7827	0.445	179.37	0.0004	1265.022949	71.416	True
SmackDown3__game_596_THDM_PoC_2_DM3_Spice.qwd	self_pov	spice	team/4on4	90221	0.8447	0.8371	0.725	177.94	0.0005	1266.178955	71.255	True
smackdown2__tot_para_1_dm3_oddjob.qwd	self_pov	oddjob	team/4on4	90195	0.8121	0.8041	0.225	172.01	0.0003	1263.030029	71.412	True
SmackDown4__game_738_fa_db_2_dm3_blind.qwd	self_pov	blind	team/4on4	90062	0.6922	0.6855	0.33	157.62	0.0003	1263.348999	71.288	True
quakeworld__CHTV_FITH-USA_DM-USA_chief[FITH]_dm3_QW_4v4__qil2-vsdm-chief3.qwd	self_pov	qil2	team/4on4	89846	0.7764	0.7751	0.395	162.28	0.0002	1249.038086	71.932	True
smackdown__Goljat_e_vs_ff_dm3_round1.qwd	self_pov	round1	team/4on4	89706	0.8326	0.8326	0.423	178.95	0.0006	1255.496948	71.451	True
smackdown2__game_242_FS_NS_3_DM3_Crit.qwd	self_pov	crit	team/4on4	89694	0.8091	0.8091	0.401	178.85	0.0005	1255.30896	71.452	True
SmackDown3__game_441_OMG_AQ_2_DM3_xxx.qwd	self_pov	xxx	team/4on4	89683	0.8398	0.8301	0.555	177.24	0.0005	1257.369995	71.326	True
SmackDown3__game_465_AMD_ED_1_DM3_exile.qwd	self_pov	exile	team/4on4	89604	0.7864	0.7725	0.401	173.85	0.0003	1255.901001	71.346	True
smackdown__rb_fa_1_dm3_adder.qwd	self_pov	adder	team/4on4	89595	0.7732	0.7732	0.0	177.48	0.0006	1249.343018	71.714	True
smackdown2__FF_4K_1_dm3_Pietro.qwd	self_pov	pietro	team/4on4	89592	0.773	0.7585	0.659	152.75	0.0001	1254.344971	71.425	True
smackdown__vana_e_vs_ff_dm3_2.qwd	self_pov	vana	team/4on4	89555	0.7607	0.7537	0.225	178.56	0.0005	1255.866943	71.309	True
smackdown__amd_jod_1_dm3_glad.qwd	self_pov	glad	team/4on4	89426	0.7929	0.7816	0.33	175.5	0.0003	1253.350952	71.35	True
smackdown__amd_sas_1_dm3_vovik.qwd	self_pov	vovik	team/4on4	89426	0.7557	0.7557	0.264	171.83	0.0003	1253.52002	71.34	True
smackdown2__chtv-smackdown2-daltons-vs-firingsquad-dm3-2-rat.qwd	self_pov	rat	team/4on4	89266	0.7289	0.7289	0.439	177.46	0.0005	1224.083984	72.925	True
SmackDown4__game_743__fs__tot_2_dm3_crit___.qwd	self_pov	crit	team/4on4	89190	0.8167	0.8087	0.401	174.94	0.0004	1248.286011	71.45	True
quakeworld__CHTV_Tribe_of_Tjernobyl-Sweden_Various-Sweden_Various_Various_QW_4v4__4on4_tot_vs_e_dm3_oddjob.qwd	self_pov	oddjob	team/4on4	89065	0.7592	0.7536	0.483	176.46	0.0004	1246.602051	71.446	True
smackdown__tot_oddjob_tot_vs___e__dm3_2.qwd	self_pov	tot	team/4on4	89065	0.7592	0.7536	0.483	176.46	0.0004	1246.602051	71.446	True
SmackDown3__game_588_Diva_TOT_2_DM3_circle.qwd	self_pov	circle	team/4on4	89033	0.7554	0.743	0.181	179.75	0.0005	1246.829956	71.407	True
SmackDown3__game_433_Quad_TOT_2_DM3_oddjob.qwd	self_pov	oddjob	team/4on4	88948	0.7758	0.7684	0.396	160.36	0.0002	1244.916992	71.449	True
quakeworld__CHTV_DBP-Europe_SK-Europe__dm3_QuakeWorld_4v4__m8.qwd	self_pov	m8	team/4on4	88886	0.8202	0.8202	0.004	174.03	0.0002	1240.1875	71.671	True
SmackDown3__game_430_ED_Para_2_DM3_Jac.qwd	self_pov	jac	team/4on4	88834	0.8389	0.8308	0.527	180.0	0.0005	1243.687988	71.428	True
SmackDown3__game_440_TOT_WR_1_DM3_Slabby_voice_.qwd	self_pov	slabby	team/4on4	88815	0.7585	0.7514	0.357	174.85	0.0003	1243.175049	71.442	True
quakeworld__CHTV_Tribe_of_Tjernobyl-Sweden_Various-Sweden_Various_Various_QW_4v4__4on4_tot_vs_wr_dm3_slabby.qwd	self_pov	slabby	team/4on4	88815	0.7585	0.7514	0.357	174.85	0.0003	1243.175049	71.442	True
smackdown2__FF_OC_1_dm3_Exile.qwd	self_pov	exile	team/4on4	88786	0.7391	0.7246	0.401	168.62	0.0001	1242.637939	71.45	True
SmackDown3__game_326_WR_QH_1_DM3_Matsui.qwd	self_pov	matsui	team/4on4	88754	0.7678	0.7678	0.181	179.4	0.0003	1243.525024	71.373	True
SmackDown4__game_726_thdm_if_1_dm3_nevamind.qwd	self_pov	nevamind	team/4on4	88743	0.778	0.7746	0.659	179.98	0.0003	1247.704956	71.125	True
smackdown2__FF_OC_1_dm3_Dag.qwd	self_pov	dag	team/4on4	88687	0.9998	0.7738	0.352	179.93	0.0002	1241.662964	71.426	True
smackdown2__chtv-smackdown2-daltons-vs-firingsquad-dm3-rat.qwd	self_pov	rat	team/4on4	88675	0.7666	0.7666	0.439	176.64	0.0006	1218.615967	72.767	True
SmackDown3__game_601_FA_List_2_DM3_blind.qwd	self_pov	blind	team/4on4	88673	0.7328	0.7259	0.396	176.95	0.0003	1241.505005	71.424	True
quakeworld__CHTV_4ng3ls-Portugal_TAV-Portugal_all_dm3_QuakeWorld_4v4__11-07-03_trinca-tav-angels_dm3.qwd	self_pov	angels	team/4on4	88650	0.6481	0.6481	0.225	179.92	0.0003	1234.889038	71.788	True
smackdown__z_daltons_2_dm3_luny.qwd	self_pov	luny	team/4on4	88620	0.8077	0.8077	0.33	174.54	0.0002	1241.301025	71.393	True
SmackDown3__game_466_CMF_OC_2_DM3_brutal.qwd	self_pov	brutal	team/4on4	88544	0.7647	0.7554	0.396	179.54	0.0003	1239.302979	71.447	True
quakeworld__CHTV_Orkney-Sweden_Various-Sweden_Various_Various_QW_4v4__4on4_oc_vs_cmf_dm3_brutal.qwd	self_pov	brutal	team/4on4	88544	0.7647	0.7554	0.396	179.54	0.0003	1239.302979	71.447	True
quakeworld__CHTV_RST-Brazil_LOW-Brazil_overflow_dm3_QuakeWorld_4v4_1__rst-low-2.qwd	self_pov	rst	team/4on4	88522	0.7511	0.7511	0.396	180.0	0.0007	1241.031982	71.329	True
smackdown__pietro_cmf_dm3.qwd	self_pov	cmf	team/4on4	88491	0.7615	0.7466	0.445	171.92	0.0006	1239.244995	71.407	True
smackdown2__foad_mu_1_dm3_hashie.qwd	self_pov	hashie	team/4on4	88482	0.801	0.801	0.137	167.87	0.0003	1242.874023	71.191	True
quakeworld__CHTV_Campbusters-Spain_FragShack-Ireland_Eta-Beta_dm3_QuakeWorld_4v4__Eta-bETa_[camp]_-_[fs]_4-4_dm3_.qwd	self_pov	fs	team/4on4	88427	0.8395	0.8305	0.571	178.84	0.0006	1219.249023	72.526	True
SmackDown3__game_579_AG_WaP_1_DM3_def.qwd	self_pov	def	team/4on4	88367	0.7972	0.7966	0.467	170.88	0.0002	1237.087036	71.432	True
SmackDown4__game_724_list_ao_2_dm3_darkone.qwd	self_pov	darkone	team/4on4	88339	0.765	0.765	0.555	178.87	0.0003	1231.895996	71.71	True
SmackDown3__game_425_FS_CD_1_DM3_delta.qwd	self_pov	delta	team/4on4	88334	0.7199	0.7199	0.401	178.82	0.0003	1236.937012	71.413	True
smackdown2__amd_para_1_dm3_band.qwd	self_pov	band	team/4on4	88327	0.8102	0.8016	0.549	166.25	0.0003	1236.187988	71.451	True
smackdown__saqfacel0d_lod_vs_fith_dm3.qwd	self_pov	saqfacel0d	team/4on4	88325	0.8499	0.8468	0.269	179.32	0.0002	1229.272949	71.851	True
smackdown2__DN_RC_1_dm3_Hangtime.qwd	self_pov	hangtime	team/4on4	88254	0.7448	0.7436	0.445	178.44	0.0004	1235.847046	71.412	True
smackdown2__dn_v_rc-dm3_ht-_sd2_.qwd	self_pov	ht	team/4on4	88254	0.7448	0.7436	0.445	178.44	0.0004	1235.847046	71.412	True
smackdown2__tdi_fe_1_dm3_dark.qwd	self_pov	dark	team/4on4	88171	0.7988	0.7988	0.401	162.28	0.0002	1225.142944	71.968	True
SmackDown4__game_750__sr__cmf_1_dm3_fifi.qwd	self_pov	fifi	team/4on4	88014	0.7968	0.7957	0.225	179.38	0.0006	1233.750977	71.339	True
smackdown__exile_e3_dm3-3.qwd	self_pov	e3	team/4on4	88012	0.6913	0.6772	0.264	179.45	0.0005	1231.901978	71.444	True
SmackDown4__game_658_z___3_dm3_thechosenone.qwd	self_pov	thechosenone	team/4on4	88002	0.8222	0.8127	0.396	178.72	0.0003	1261.572021	69.756	True
smackdown2__E_vs_ns_Goljat_dm3.qwd	self_pov	e	team/4on4	87999	0.7849	0.7849	0.401	179.1	0.0002	1232.381958	71.406	True
smackdown__Goljat_e_vs__ff__dm3_round5.qwd	self_pov	round5	team/4on4	87980	0.8382	0.8382	0.423	179.91	0.0006	1231.338989	71.451	True
smackdown2__FF_OC_1_dm3_Jerry.qwd	self_pov	jerry	team/4on4	87978	0.7317	0.7317	0.247	180.0	0.0003	1232.255981	71.396	True
smackdown2__oc_d_1_dm3_hatti.qwd	self_pov	hatti	team/4on4	87964	0.7542	0.7542	0.302	173.62	0.0002	1221.930054	71.988	True
smackdown2__ff_tfp_1_dm3_jerry.qwd	self_pov	jerry	team/4on4	87922	0.6467	0.6467	0.137	180.0	0.0003	1231.404053	71.4	True
smackdown2__foad_aok_2_dm3_hashie.qwd	self_pov	hashie	team/4on4	87900	0.7664	0.7664	0.137	151.56	0.0004	1233.921997	71.236	True
smackdown2__koff_spas_1_dm3_Roscoe.qwd	self_pov	roscoe	team/4on4	87894	0.8124	0.8017	0.181	179.89	0.0004	1231.140015	71.392	True
smackdown2__OMG_AMD_1_dm3_Janus.qwd	self_pov	janus	team/4on4	87892	0.7776	0.7776	0.357	176.68	0.0004	1230.087036	71.452	True
SmackDown3__game_592_TVS_Twats_1_DM3_Ihminen.qwd	self_pov	ihminen	team/4on4	87891	0.8854	0.8852	0.242	174.67	0.0003	1230.259033	71.441	True
smackdown2__foad_lies_1_dm3_hashie.qwd	self_pov	hashie	team/4on4	87868	0.7422	0.7422	0.137	176.03	0.0004	1233.39502	71.241	True
smackdown2__game_271_E_CMF_2_DM3_Peksi.qwd	self_pov	peksi	team/4on4	87854	0.8404	0.8404	0.461	175.06	0.0006	1229.887939	71.433	True
smackdown__fifi_vs_tot_dm3.qwd	self_pov	fifi	team/4on4	87848	0.8258	0.8251	0.319	171.64	0.0003	1221.453003	71.921	True
SmackDown3__ag_fiend_ag_vs___x__dm3_3.qwd	self_pov	ag	team/4on4	87797	0.6073	0.5943	0.269	158.94	0.0004	1229.468018	71.411	True
SmackDown4__game_730_db_msr_3_dm3_porto.qwd	self_pov	porto	team/4on4	87795	0.7849	0.7849	0.203	176.89	0.0006	1230.362061	71.357	True
smackdown__z_daltons_1_dm3_luny.qwd	self_pov	luny	team/4on4	87793	0.7869	0.7869	0.33	150.57	0.0002	1229.832031	71.386	True
smackdown__fith-vs-5-arcane-dm3__5-1.qwd	self_pov	?	team/4on4	87731	0.7533	0.7495	0.241	176.65	0.0004	1221.003967	71.852	True
smackdown__cero_pq_vs_lit_dm3.qwd	self_pov	cero	team/4on4	87672	0.7869	0.7869	0.39	178.64	0.0005	1227.501953	71.423	True
SmackDown3__game_591_OC_IBH_1_DM3_123.qwd	self_pov	ibh	team/4on4	87664	0.8142	0.8026	0.494	177.54	0.0007	1227.389038	71.423	True
smackdown__ibh_fu_2_dm3_123.qwd	self_pov	fu	team/4on4	87655	0.7736	0.7709	0.494	178.52	0.0004	1229.090942	71.317	True
smackdown2__x_gq_dg_dm3.qwd	self_pov	dg	team/4on4	87653	0.7409	0.7407	0.313	176.5	0.0004	1250.399048	70.1	True
SmackDown4__game_730_db_msr_3_dm3_wart.qwd	self_pov	wart	team/4on4	87649	0.854	0.854	0.527	178.9	0.0006	1229.505981	71.288	True
smackdown2__fa_thdm_1_dm3_spice.qwd	self_pov	spice	team/4on4	87640	0.8309	0.827	0.549	179.84	0.0005	1227.412964	71.402	True
smackdown__gds_adm_2_dm3_gobo.qwd	self_pov	gobo	team/4on4	87629	0.7921	0.7921	0.264	179.41	0.0006	1222.69104	71.669	True
smackdown__gds_adm_1_dm3_gobo.qwd	self_pov	gobo	team/4on4	87617	0.8094	0.8094	0.264	179.46	0.0006	1224.668945	71.543	True
SmackDown4__game_749__fs__tvs_3_dm3_crit.qwd	self_pov	crit	team/4on4	87615	0.8504	0.8403	0.527	178.88	0.0008	1226.207031	71.452	True
SmackDown3__game_590_ED_DIE_2_DM3_pietro.qwd	self_pov	pietro	team/4on4	87611	0.835	0.8208	0.549	179.1	0.0007	1226.125	71.454	True
quakeworld__CHTV_Enslaved-Sweden_Various-Sweden_Various_Various_QW_4v4__4on4_ed_vs_die_dm3_pietro.qwd	self_pov	pietro	team/4on4	87611	0.835	0.8208	0.549	179.1	0.0007	1226.125	71.454	True
SmackDown5__game_1013_sr_fs_1_dm3_paradoks.qwd	self_pov	paradoks	team/4on4	87605	0.8413	0.8413	0.335	176.62	0.0003	1228.891968	71.288	True
smackdown2__koff_dn_1_dm3_Scenic.qwd	self_pov	scenic	team/4on4	87585	0.7864	0.7674	0.709	179.68	0.0005	1227.833008	71.333	True
smackdown2__game_271_E_CMF_2_DM3_Vana.qwd	self_pov	vana	team/4on4	87582	0.7248	0.7194	0.225	175.18	0.0003	1227.430054	71.354	True
smackdown2__foad_mu_1_dm3_darkone.qwd	self_pov	darkone	team/4on4	87581	0.693	0.6911	0.599	144.47	0.0001	1223.353027	71.591	True
smackdown2__list_dx_2_dm3_lb.qwd	self_pov	lb	team/4on4	87565	0.7317	0.7317	0.0	169.05	0.0003	1228.358032	71.286	True
smackdown__smackdown_semifinals_tvs_dm3.qwd	self_pov	tvs	team/4on4	87562	0.7954	0.7954	0.396	179.91	0.0004	1226.562988	71.388	True
smackdown__smackdown_semifinals_tvs_dm3_para.qwd	self_pov	para	team/4on4	87562	0.7954	0.7954	0.396	179.91	0.0004	1226.562988	71.388	True
SmackDown3__game_341_IB_NME_1_DM3_Cero.qwd	self_pov	cero	team/4on4	87537	0.7101	0.7066	0.39	178.51	0.0004	1226.81897	71.353	True
smackdown__pietro_z2_dm3.qwd	self_pov	z2	team/4on4	87485	0.7417	0.7264	0.445	176.14	0.0004	1225.737061	71.373	True
smackdown2__aok_lies_1_dm3_povo.qwd	self_pov	povo	team/4on4	87484	0.7781	0.7777	0.352	166.33	0.0004	1229.615967	71.147	True
quakeworld__CHTV_naDaghda-Ireland_ClanAstral-Denmark_Overlord_dm3_QuakeWorld_4v4__A_nD_clanbase_Overlord.qwd	self_pov	a	team/4on4	87483	0.7183	0.7179	0.269	178.43	0.0002	1225.27002	71.399	True
SmackDown3__game_593_ED_OC_2_DM3_Exile.qwd	self_pov	exile	team/4on4	87467	0.7618	0.753	0.445	175.87	0.0004	1225.495972	71.373	True
SmackDown3__game_593_ED_OC_2_DM3_Reverend.qwd	self_pov	reverend	team/4on4	87467	0.7618	0.753	0.445	175.87	0.0004	1225.495972	71.373	True
smackdown2__oc_tfp_1_dm3_hatti.qwd	self_pov	hatti	team/4on4	87440	0.7464	0.7464	0.297	174.3	0.0002	1214.526978	71.995	True
SmackDown5__game_820_koff____1_dm3_scenic.qwd	self_pov	scenic	team/4on4	87432	0.8696	0.8548	0.769	179.96	0.0004	1231.66394	70.987	True
SmackDown3__game_428_ED_DEATH_2_DM3_reverend.qwd	self_pov	reverend	team/4on4	87430	0.8151	0.8112	0.467	179.04	0.0005	1224.529053	71.399	True
quakeworld__CHTV_Hard_Guns_Crew-Poland_Clan_Osams-Poland_MVD_DM3_QW_4v4__smid.qwd	self_pov	smid	team/4on4	87372	0.7968	0.7968	0.69	152.3	0.0001	1215.444397	71.885	True
smackdown2__RC_L_1_dm3_ace.qwd	self_pov	ace	team/4on4	87362	0.7275	0.7236	0.505	174.28	0.0002	1223.401001	71.409	True
smackdown2__fs_oc_3_dm3_crit.qwd	self_pov	crit	team/4on4	87359	0.7845	0.7771	0.291	179.85	0.0006	1222.621948	71.452	True
smackdown2__fa_dx_1_dm3_harlsom.qwd	self_pov	harlsom	team/4on4	87347	0.8327	0.8327	0.291	179.54	0.0004	1230.609009	70.979	True
quakeworld__CHTV_Akademikerna-Sweden_Warriors_of_the_Realm-Sweden_Max_Rebo_DM3_QW_4v4__4on4_aa_vs_wr_dm3_max.qwd	self_pov	max	team/4on4	87340	0.7425	0.7425	0.198	177.81	0.0005	1218.074951	71.703	True
SmackDown3__game_510_FS_HPR_2_DM3_crit.qwd	self_pov	crit	team/4on4	87338	0.7498	0.7498	0.401	176.39	0.0004	1222.365967	71.45	True
smackdown2__chtv-dg_coj_dg_vs_fff_dm3.qwd	self_pov	fff	team/4on4	87333	0.8747	0.8696	0.615	179.0	0.0004	1237.265015	70.586	True
quakeworld__CHTV_4ng3ls-Portugal_TAV-Portugal_all_dm3_QuakeWorld_4v4__11-07-03_xai-tav-angels_dm3.qwd	self_pov	angels	team/4on4	87318	0.8498	0.8498	0.236	175.13	0.0004	1225.037964	71.278	True
SmackDown3__game_428_ED_DEATH_2_DM3_exile.qwd	self_pov	exile	team/4on4	87317	0.7737	0.7582	0.396	179.76	0.0003	1223.916016	71.342	True
smackdown__exile_cmf_dm3.qwd	self_pov	cmf	team/4on4	87307	0.723	0.7075	0.269	179.7	0.0003	1224.44397	71.303	True
smackdown2__AG_[vs]_XX2__dm3__def.qwd	self_pov	def	team/4on4	87304	0.8661	0.8659	0.659	173.05	0.0003	1221.875	71.451	True
SmackDown4__game_749__fs__tvs_3_dm3_mirage.qwd	self_pov	mirage	team/4on4	87303	0.8515	0.8515	0.33	174.89	0.0005	1222.36499	71.421	True
SmackDown3__game_468_PNC_DS_2_DM3_blasu.qwd	self_pov	blasu	team/4on4	87302	0.8121	0.8115	0.33	176.54	0.0004	1222.927979	71.388	True
quakeworld__CHTV_Caps_Lock-Sweden_Various-Sweden_Various_Various_QW_4v4__4on4_caps_vs_z_dm3_dark.qwd	self_pov	dark	team/4on4	87296	0.8328	0.8243	0.439	176.37	0.0003	1222.350952	71.416	True
smackdown__ag-vs-xx-thrope-dm3.qwd	self_pov	ag	team/4on4	87295	0.8063	0.8063	0.159	168.44	0.0001	1228.384033	71.065	True
SmackDown4__game_721_msr_gs_1_dm3_wart.qwd	self_pov	wart	team/4on4	87273	0.8705	0.8705	0.269	173.65	0.0002	1223.067993	71.356	True
smackdown2__crit__fs__vs_tfp_dm3.qwd	self_pov	crit	team/4on4	87264	0.832	0.823	0.533	176.23	0.0003	1221.395996	71.446	True
smackdown2__OMG_RC_2_dm3_.qwd	self_pov	rc	team/4on4	87253	0.7959	0.7959	0.363	179.91	0.0002	1221.156982	71.451	True
smackdown2__OMG_RC_2_dm3_Janus.qwd	self_pov	janus	team/4on4	87253	0.7959	0.7959	0.363	179.91	0.0002	1221.156982	71.451	True
quakeworld__CHTV_FiringSquad-Europe_Zetor-Europe_reppie_dm3_QuakeWorld_4v4__reppie-fs-zr-dm3.qwd	self_pov	zr	team/4on4	87243	0.7803	0.7803	0.593	166.98	0.0004	1226.546021	71.129	True
smackdown2__crit__fs__vs_wxo_dm3.qwd	self_pov	crit	team/4on4	87237	0.798	0.7899	0.396	175.51	0.0002	1220.994019	71.448	True
smackdown__e-cmf_1_dm3_hixen.qwd	self_pov	hixen	team/4on4	87231	0.7787	0.7787	0.335	178.86	0.0005	1225.036987	71.207	True
smackdown__fa_adm_1_dm3_spice.qwd	self_pov	spice	team/4on4	87221	0.8726	0.8689	0.725	178.65	0.0003	1224.313965	71.241	True
SmackDown3__game_597__L__FS_3_DM3_crit.qwd	self_pov	crit	team/4on4	87218	0.821	0.8115	0.533	177.24	0.0007	1226.470947	71.113	True
smackdown2__foad_rb_1_dm3_hashie.qwd	self_pov	hashie	team/4on4	87214	0.7812	0.7812	0.137	179.85	0.0005	1223.000977	71.311	True
SmackDown3__game_407_antx_DS_2_DM3_eraser.qwd	self_pov	eraser	team/4on4	87209	0.772	0.7627	0.423	169.12	0.0003	1221.167969	71.414	True
SmackDown3__game_472_tFf_ED_1_DM3_exile.qwd	self_pov	exile	team/4on4	87195	0.7938	0.7783	0.527	171.04	0.0002	1222.027954	71.353	True
smackdown2__TVS_RC_2_dm3_Blaze.qwd	self_pov	blaze	team/4on4	87169	0.7728	0.7728	0.242	176.46	0.0004	1220.848999	71.4	True
smackdown__ff_4x_1_dm3_dag.qwd	self_pov	dag	team/4on4	87164	0.9999	0.7413	0.181	179.9	0.0003	1220.053955	71.443	True
SmackDown3__game_466_CMF_OC_1_DM3_brutal.qwd	self_pov	brutal	team/4on4	87160	0.794	0.7854	0.396	177.51	0.0003	1219.858032	71.451	True
smackdown__exile_e3_dm3-1.qwd	self_pov	e3	team/4on4	87139	0.7175	0.7037	0.137	177.47	0.0004	1219.796997	71.437	True
quakeworld__CHTV_FS-Netherlands_hpr-Germany_razor_dm3_QuakeWorld_4v4__razor[[fs]]-[hpr]_4-4_dm3_.qwd	self_pov	hpr	team/4on4	87136	0.7776	0.7776	0.264	173.22	0.0003	1220.284058	71.406	True
quakeworld__CHTV_FiringSquad-Europe_HyvatPahatjaRumat-Finland_Razor_dm3_QuakeWorld_4v4__razor[[fs]]-[hpr]_4-4_dm3_.qwd	self_pov	hpr	team/4on4	87136	0.7776	0.7776	0.264	173.22	0.0003	1220.284058	71.406	True
SmackDown3__game_558_ED_WR_1_DM3_exile.qwd	self_pov	exile	team/4on4	87121	0.7857	0.7706	0.401	176.68	0.0001	1221.675049	71.313	True
smackdown__l_hf_dm3_swe.qwd	self_pov	swe	team/4on4	87108	0.7332	0.7332	0.269	165.29	0.0003	1221.832031	71.293	True
smackdown__c_d_1_dm3_mrgib.qwd	self_pov	mrgib	team/4on4	87100	0.6228	0.6153	0.071	179.81	0.0002	1222.464966	71.249	True
SmackDown4__game_719_fa_gs_1_dm3_beasil.qwd	self_pov	beasil	team/4on4	87098	0.7746	0.7746	0.176	171.08	0.0004	1219.626953	71.414	True
SmackDown4__game_721_msr_gs_1_dm3_porto.qwd	self_pov	porto	team/4on4	87097	0.8155	0.8155	0.203	177.37	0.0002	1220.714966	71.349	True
SmackDown4__game_747_koff__sr__2_dm3_miser.qwd	self_pov	miser	team/4on4	87092	0.8147	0.8147	0.445	176.97	0.0007	1219.421021	71.421	True
smackdown2__foad_azul_1_dm3_darkone.qwd	self_pov	darkone	team/4on4	87085	0.6745	0.6719	0.483	174.02	0.0002	1225.774048	71.045	True
SmackDown3__game_457_WR_Para_2_DM3_jac.qwd	self_pov	jac	team/4on4	87065	0.7963	0.7888	0.527	159.43	0.0002	1219.078003	71.419	True
smackdown2__foad_lies_1_dm3_darkone.qwd	self_pov	darkone	team/4on4	87058	0.7312	0.7312	0.599	172.06	0.0001	1223.380005	71.162	True
smackdown__Goljat_e_vs_ff_dm3_round4.qwd	self_pov	round4	team/4on4	87053	0.757	0.757	0.374	179.61	0.0005	1218.369019	71.45	True
SmackDown4__game_745_fu__l__1_dm3_exile.qwd	self_pov	exile	team/4on4	87052	0.7704	0.7576	0.396	179.25	0.0003	1218.338989	71.451	True
smackdown2__GQ_DG_1_dm3_ziploc.qwd	self_pov	ziploc	team/4on4	87046	0.9282	0.8576	0.313	179.79	0.0005	1219.56604	71.375	True
SmackDown3__game_517_4K_Twats_1_DM3_liCE.qwd	self_pov	lice	team/4on4	87042	0.8103	0.8103	0.335	161.71	0.0002	1219.561035	71.372	True
smackdown__exile_e3_dm3-2.qwd	self_pov	e3	team/4on4	87037	0.6285	0.6154	0.137	179.16	0.0006	1218.360962	71.438	True
SmackDown4__game_674_4k_fe_1_dm3_dyn.qwd	self_pov	dyn	team/4on4	87036	0.7645	0.7645	0.352	179.4	0.0004	1219.345947	71.379	True
SmackDown3__game_429_CMF_PNC_1_DM3_Fifi.qwd	self_pov	fifi	team/4on4	87033	0.8515	0.8495	0.478	167.2	0.0002	1221.18396	71.269	True
SmackDown3__game_599_CMF_TVS_2_DM3_Blaze.qwd	self_pov	blaze	team/4on4	87032	0.8531	0.8531	0.247	178.03	0.0009	1218.985962	71.397	True
SmackDown3__game_577_[x]_DAG_1_DM3_gator.qwd	self_pov	gator	team/4on4	87029	0.8985	0.8938	0.593	173.55	0.0003	1218.963013	71.396	True
smackdown__lkdn_ttr_1_dm3_blind.qwd	self_pov	blind	team/4on4	87029	0.7435	0.7383	0.401	162.54	0.0003	1220.797974	71.289	True
smackdown2__list_poc_1_dm3_lb.qwd	self_pov	lb	team/4on4	87028	0.8437	0.8437	0.0	166.98	0.0003	1223.729004	71.117	True
quakeworld__CHTV_Dunno-Sweden_Various-Sweden_Various_Various_QW_4v4__4on4_d_vs_hf_dm3_hew.qwd	self_pov	hew	team/4on4	87022	0.8442	0.8365	0.313	173.69	0.0003	1222.125	71.205	True
smackdown2__rb_aok_2_dm3_necro.qwd	self_pov	necro	team/4on4	87021	0.8188	0.8188	0.544	166.57	0.0002	1219.453003	71.361	True
smackdown2__game_271_E_CMF_2_DM3_Goljat.qwd	self_pov	goljat	team/4on4	87017	0.7996	0.7996	0.396	170.71	0.0004	1218.43396	71.417	True
smackdown2__chtv-exoduz-rb-vs-st-dm3.qwd	self_pov	st	team/4on4	87015	0.8654	0.8639	0.555	179.01	0.0004	1220.156982	71.315	True
SmackDown3__sd3_bb_x_vs_ag_dm3.qwd	self_pov	sd3	team/4on4	87013	0.8681	0.8599	0.401	175.77	0.0005	1218.139038	71.431	True
SmackDown3__game_606_THDM_FA_4_DM3_driz.qwd	self_pov	driz	team/4on4	87006	0.8048	0.8048	0.527	179.77	0.0004	1218.113037	71.427	True
smackdown__fith_vs_5_dm3_het__smackdowngame1.qwd	self_pov	smackdowngame1	team/4on4	87005	0.8446	0.8405	0.269	145.27	0.0003	1219.241943	71.36	True
smackdown2__chtv-smackdown2-ag-vs-5-fuman-dm3.qwd	self_pov	fuman	team/4on4	86995	0.671	0.671	0.401	130.51	0.0	1220.340942	71.287	True
smackdown2__omg_goh_1_dm3_Janus.qwd	self_pov	janus	team/4on4	86994	0.7705	0.7705	0.181	179.91	0.0004	1217.578003	71.448	True
smackdown2__E_omg_1_dm3_Janus.qwd	self_pov	janus	team/4on4	86991	0.8076	0.8076	0.363	179.73	0.0006	1217.473022	71.452	True
smackdown2__cmf_ns_1_dm3_vert.qwd	self_pov	vert	team/4on4	86984	0.7729	0.7729	0.17	175.07	0.0005	1218.719971	71.373	True
SmackDown4__game_721_msr_gs_1_dm3_akbal.qwd	self_pov	akbal	team/4on4	86980	0.6846	0.6772	0.225	175.38	0.0001	1218.499023	71.383	True
smackdown2__cmf_adt2_1_dm3_Peksi.qwd	self_pov	peksi	team/4on4	86975	0.6933	0.6933	0.159	176.82	0.0003	1217.442017	71.441	True
smackdown2__FF_4K_2_dm3_Pietro.qwd	self_pov	pietro	team/4on4	86967	0.8197	0.8055	0.659	178.89	0.0002	1217.582031	71.426	True
smackdown__rb_fa_1_dm3_spice.qwd	self_pov	spice	team/4on4	86966	0.834	0.8164	0.352	179.62	0.0005	1218.970947	71.344	True
SmackDown3__game_502_4K_FS_1_DM3_reppie_.qwd	self_pov	reppie	team/4on4	86965	0.7352	0.7352	0.291	175.45	0.0002	1218.717041	71.358	True
SmackDown3__game_599_CMF_TVS_2_DM3_Mirage.qwd	self_pov	mirage	team/4on4	86965	0.8378	0.8378	0.22	178.24	0.0006	1217.217041	71.446	True
SmackDown3__game_563_THDM_FOAD_1_DM3_driz.qwd	self_pov	driz	team/4on4	86964	0.7474	0.7474	0.269	179.09	0.0005	1217.802002	71.411	True
smackdown2__Janus_omg_vs_tot_dm3_sd2_7feb01.qwd	self_pov	sd2	team/4on4	86956	0.7305	0.7305	0.181	179.91	0.0005	1218.953003	71.337	True
smackdown2__fs_vs_d_dm3_1.qwd	self_pov	fs	team/4on4	86933	0.6816	0.6695	0.137	178.96	0.0003	1217.302979	71.414	True
SmackDown3__game_558_ED_WR_2_DM3_exile.qwd	self_pov	exile	team/4on4	86931	0.7704	0.7548	0.401	177.92	0.0002	1219.454956	71.287	True
smackdown2__game_260___1_DM3_Blaze.qwd	self_pov	blaze	team/4on4	86927	0.8283	0.8283	0.159	177.73	0.0006	1218.057007	71.365	True
smackdown2__vana_e_vs_para_dm3.qwd	self_pov	vana	team/4on4	86918	0.7248	0.7177	0.225	179.9	0.0003	1219.258057	71.288	True
SmackDown5__game_1020_thdm_fa_1_dm3_driz.qwd	self_pov	driz	team/4on4	86905	0.8025	0.8025	0.396	179.86	0.0005	1219.19397	71.281	True
SmackDown5__game_901_cb_fs_1_dm3_crit.qwd	self_pov	crit	team/4on4	86905	0.8109	0.8022	0.396	179.43	0.0005	1217.953979	71.353	True
SmackDown3__game_471_TVS_WR_1_DM3_blAze.qwd	self_pov	blaze	team/4on4	86900	0.7144	0.7144	0.159	168.15	0.0003	1217.723999	71.363	True
SmackDown3__game_535_FA_Dx_1_DM3_blind.qwd	self_pov	blind	team/4on4	86896	0.7741	0.7671	0.401	175.48	0.0003	1217.137939	71.394	True
smackdown__vana_e_vs_ff_dm3_1.qwd	self_pov	vana	team/4on4	86886	0.7372	0.7302	0.33	179.98	0.0003	1218.902954	71.282	True
smackdown2__E_vs_L_Goljat_dm3.qwd	self_pov	e	team/4on4	86881	0.7958	0.7958	0.549	166.99	0.0003	1216.364014	71.427	True
smackdown2__clown_xx_cg_dm3.qwd	self_pov	cg	team/4on4	86863	0.7203	0.7203	0.313	178.93	0.0003	1215.927002	71.438	True
SmackDown3__game_606_THDM_FA_4_DM3_juz.qwd	self_pov	juz	team/4on4	86854	0.6866	0.6866	0.159	176.72	0.0002	1215.70105	71.444	True
quakeworld__CHTV_Tribe_of_Tjernobyl-Sweden_Various-Sweden_Various_Various_QW_4v4__4on4_tot_vs_e_dm3_sibbit.qwd	self_pov	sibbit	team/4on4	86846	0.7905	0.7905	0.286	158.43	0.0002	1216.80603	71.372	True
smackdown__tot_capcop_tot_vs_cmf_dm3.qwd	self_pov	tot	team/4on4	86837	0.8347	0.8347	0.571	176.53	0.0006	1217.551025	71.321	True
smackdown__murdock_vs_code_dm3.qwd	self_pov	murdock	team/4on4	86825	0.8455	0.8455	0.423	169.2	0.0004	1213.225952	71.565	True
paradoks__goldens_e_vs_4x_dm3.qwd	self_pov	goldens	team/4on4	86823	0.7197	0.7197	0.286	177.81	0.0003	1216.08606	71.395	True
SmackDown5__game_901_cb_fs_1_dm3_rippie.qwd	self_pov	rippie	team/4on4	86818	0.7545	0.7545	0.291	176.81	0.0004	1222.973999	70.989	True
smackdown__amd_adt_2_dm3_glad.qwd	self_pov	glad	team/4on4	86813	0.8235	0.813	0.291	177.96	0.0004	1215.427979	71.426	True
smackdown2__ToT_AMD_1_dm3_Psycho_Dad.qwd	self_pov	psycho	team/4on4	86808	0.8143	0.8063	0.703	176.36	0.0004	1215.670044	71.408	True
quakeworld__CHTV_In_Bloom-Sweden_Various-Sweden_Various_Various_QW_4v4__4on4_ib_vs_diva_dm3_barre.qwd	self_pov	barre	team/4on4	86807	0.839	0.839	0.269	176.7	0.0003	1215.592041	71.411	True
quakeworld__CHTV_4ng3ls-Portugal_TAV-Portugal_all_dm3_QuakeWorld_4v4__11-07-03_saddam-tav-angels_dm3.qwd	self_pov	angels	team/4on4	86802	0.7629	0.7585	0.302	179.71	0.0005	1218.379028	71.244	True
SmackDown5__game_1021_otas_dx_1_dm3_povohat.qwd	self_pov	povohat	team/4on4	86785	0.783	0.7727	0.385	180.0	0.0003	1215.078979	71.423	True
quakeworld__CHTV_Firing_Squad-Netherlands_Earthquake-Netherlands_razor_dm3_QuakeWorld_4v4__fs-eq-razor.qwd	self_pov	fs	team/4on4	86776	0.7947	0.7947	0.269	159.55	0.0002	1215.35498	71.4	True
smackdown2__59_akke_dm3.qwd	self_pov	akke	team/4on4	86765	0.7675	0.7675	0.335	180.0	0.0003	1214.427002	71.445	True
smackdown2__dn_v_wfb-dm3_rags-_sd2_.qwd	self_pov	rags	team/4on4	86760	0.8338	0.8338	0.352	178.56	0.0004	1214.449951	71.44	True
SmackDown3__game_562_THDM_MaC_1_DM3_Nevamind.qwd	self_pov	nevamind	team/4on4	86758	0.7463	0.7443	0.269	179.62	0.0005	1216.873047	71.296	True
SmackDown4__game_718_sa_msr_2_dm3_porto.qwd	self_pov	porto	team/4on4	86744	0.8158	0.8158	0.225	177.2	0.0007	1216.03894	71.333	True
smackdown2__foad_rb_1_dm3_reign.qwd	self_pov	reign	team/4on4	86742	0.798	0.7889	0.417	175.0	0.0004	1214.776001	71.406	True
smackdown__akke_cmf_dm3.qwd	self_pov	cmf	team/4on4	86741	0.8066	0.8065	0.396	164.05	0.0004	1214.399048	71.427	True
smackdown2__64_akke_dm3.qwd	self_pov	akke	team/4on4	86736	0.845	0.845	0.357	180.0	0.0005	1213.994019	71.447	True
quakeworld__CHTV_Die-Brazil_Die2-Brazil_Die-Karioka_Dm3_QuakeWorld_3v3__die_karioka_[yell]_-_[blue]_3x3_dm3_.qwd	self_pov	3x3	team/4on4	86725	0.8318	0.826	0.33	179.74	0.0004	1214.495972	71.408	True
smackdown2__OMG_HF_1_dm3_Janus.qwd	self_pov	janus	team/4on4	86724	0.7508	0.7508	0.357	179.73	0.0004	1213.743042	71.452	True
smackdown2__ff_tfp_1_dm3_dag.qwd	self_pov	dag	team/4on4	86723	0.9998	0.848	0.357	179.9	0.0004	1216.151978	71.309	True
smackdown__nc_sf_dm3_1_aero.qwd	self_pov	aero	team/4on4	86723	0.8099	0.8099	0.269	178.97	0.0003	1214.453003	71.409	True
smackdown__c_d_2_dm3_mrgib.qwd	self_pov	mrgib	team/4on4	86704	0.6804	0.674	0.132	171.37	0.0004	1218.635986	71.148	True
smackdown__ibh_dn_1_dm3_123.qwd	self_pov	dn	team/4on4	86696	0.8135	0.8091	0.5	175.55	0.0005	1214.014038	71.413	True
SmackDown3__game_562_THDM_MaC_1_DM3_Spice_POV.qwd	self_pov	spice	team/4on4	86682	0.8919	0.8855	0.725	177.22	0.0005	1215.010986	71.343	True
SmackDown3__game_441_OMG_AQ_2_DM3_JArreX.qwd	self_pov	jarrex	team/4on4	86679	0.857	0.8473	0.357	179.03	0.0005	1215.531982	71.31	True
smackdown__fa_ao_1_dm3_harlsom.qwd	self_pov	harlsom	team/4on4	86676	0.8411	0.8411	0.335	168.49	0.0003	1216.805054	71.232	True
paradoks__e_vs_code_dm3.qwd	self_pov	e	team/4on4	86668	0.7917	0.7917	0.445	172.1	0.0002	1213.482056	71.421	True
SmackDown3__game_606_THDM_FA_4_DM3_nevamind.qwd	self_pov	nevamind	team/4on4	86666	0.789	0.7849	0.269	175.12	0.0004	1213.508057	71.418	True
smackdown2__E_omg_1_dm3_Nalle.qwd	self_pov	nalle	team/4on4	86662	0.669	0.6611	0.176	172.4	0.0006	1251.037964	69.272	True
smackdown__cute_cleaners_1_dm3_mrgib.qwd	self_pov	mrgib	team/4on4	86655	0.7647	0.7529	0.198	148.15	0.0002	1216.348022	71.242	True
smackdown__akke_e3_dm3-1.qwd	self_pov	e3	team/4on4	86648	0.7794	0.7794	0.396	178.25	0.0004	1213.05896	71.429	True
SmackDown5__game_919_ted_fs_1_dm3_reppie.qwd	self_pov	reppie	team/4on4	86635	0.8124	0.8124	0.483	178.06	0.0003	1219.107056	71.064	True
smackdown2__4k_dsg_2_dm3_zommy.qwd	self_pov	zommy	team/4on4	86626	0.8022	0.798	0.291	172.92	0.0002	1212.442993	71.447	True
smackdown2__foad_aok_2_dm3_interceptor.qwd	self_pov	interceptor	team/4on4	86625	0.8296	0.8296	0.203	179.85	0.0007	1215.078979	71.292	True
smackdown2__HF_FU_1_dm3_Nepra.qwd	self_pov	nepra	team/4on4	86621	0.72	0.7069	0.615	175.54	0.0004	1214.213989	71.339	True
smackdown__paradoks_e_vs_ibh_dm3.qwd	self_pov	paradoks	team/4on4	86612	0.8587	0.8587	0.242	177.74	0.0003	1212.822998	71.414	True
smackdown2__rc_koff_1_dm3_Milamber.qwd	self_pov	milamber	team/4on4	86602	0.854	0.854	0.5	179.01	0.0004	1214.776001	71.291	True
smackdown2__fs_vs_d_dm3_2.qwd	self_pov	fs	team/4on4	86600	0.7433	0.7307	0.137	178.91	0.0004	1212.608032	71.416	True
smackdown2___fs__crit__fs__vs__d_dm3.qwd	self_pov	fs	team/4on4	86594	0.8167	0.8094	0.401	167.65	0.0003	1211.963989	71.449	True
SmackDown3__game_591_OC_IBH_1_DM3_aKKe.qwd	self_pov	akke	team/4on4	86582	0.8457	0.8456	0.357	179.3	0.0004	1211.947998	71.44	True
quakeworld__CHTV_Orkney-Sweden_Various-Sweden_Various_Various_QW_4v4__4on4_oc_vs_ibh_dm3_akke.qwd	self_pov	akke	team/4on4	86582	0.8457	0.8456	0.357	179.3	0.0004	1211.947998	71.44	True
SmackDown3__game_600_Diva_]SR[_3_DM3_Xalibur.qwd	self_pov	xalibur	team/4on4	86581	0.7461	0.7461	0.247	179.99	0.0006	1212.271973	71.42	True
SmackDown3__game_349_Quad_CRC_2_DM3_uig.qwd	self_pov	uig	team/4on4	86579	0.7812	0.7812	0.159	178.61	0.0005	1247.616943	69.395	True
quakeworld__CHTV_Tribe_of_Tjernobyl-Sweden_Various-Sweden_Various_Various_QW_4v4__4on4_tot_vs_tvs_dm3_sibbit.qwd	self_pov	sibbit	team/4on4	86567	0.7881	0.7881	0.313	172.69	0.0005	1217.899048	71.079	True
smackdown__nc_sf_dm3_2_aero.qwd	self_pov	aero	team/4on4	86552	0.7832	0.7832	0.264	179.59	0.0003	1212.217041	71.4	True
paradoks__e_vs_bad_dm3.qwd	self_pov	e	team/4on4	86551	0.7792	0.7792	0.264	177.69	0.0003	1215.366943	71.214	True
smackdown2__ic_list_1_dm3_shad.qwd	self_pov	shad	team/4on4	86546	0.8296	0.8168	0.093	179.23	0.0004	1211.360962	71.445	True
smackdown2__ff_tfp_1_dm3_akke.qwd	self_pov	akke	team/4on4	86544	0.7268	0.7267	0.269	180.0	0.0004	1211.501953	71.435	True
smackdown2__chtv-smackdown2-ag_terror_ag_vs_5_dm3.qwd	self_pov	ag	team/4on4	86542	0.6777	0.6675	0.352	158.42	0.0002	1222.46106	70.793	True
smackdown2__60_akke_dm3.qwd	self_pov	akke	team/4on4	86528	0.7643	0.7642	0.335	178.57	0.0005	1211.084961	71.447	True
SmackDown5__game_1024_thdm_list_1_dm3_driz.qwd	self_pov	driz	team/4on4	86526	0.8372	0.8372	0.396	172.06	0.0005	1211.697021	71.409	True
smackdown2__CMF_OMG_1_dm3_Janus.qwd	self_pov	janus	team/4on4	86521	0.7548	0.7548	0.181	179.9	0.0006	1210.92395	71.45	True
smackdown__fa_list_1_dm3_spice.qwd	self_pov	spice	team/4on4	86516	0.8746	0.8746	0.467	170.54	0.0003	1212.229004	71.369	True
SmackDown3__sd3_cano_x_vs_ag_dm3.qwd	self_pov	sd3	team/4on4	86511	0.8069	0.8069	0.439	159.46	0.0002	1211.45105	71.411	True
smackdown2__foad_aok_2_dm3_darkone.qwd	self_pov	darkone	team/4on4	86503	0.6551	0.6524	0.363	179.78	0.0002	1214.963013	71.198	True
SmackDown3__game_596_THDM_PoC_2_DM3_Nevamind.qwd	self_pov	nevamind	team/4on4	86500	0.8016	0.7983	0.269	179.36	0.0006	1213.07605	71.306	True
smackdown2__azul_aok_1_dm3_povo.qwd	self_pov	povo	team/4on4	86496	0.725	0.7248	0.527	172.6	0.0005	1218.060059	71.011	True
SmackDown3__game_325_SAD_IK_2_DM3_sANDYMAn.qwd	self_pov	sandyman	team/4on4	86488	0.7725	0.7725	0.483	179.84	0.0005	1224.05896	70.657	True
smackdown2__para_omg_1_dm3_ana.qwd	self_pov	ana	team/4on4	86488	0.7677	0.7677	0.225	175.91	0.0004	1211.156006	71.409	True
smackdown__ff_ibh_1_dm3_1_exile.qwd	self_pov	exile	team/4on4	86480	0.7409	0.7296	0.132	173.81	0.0002	1210.803955	71.424	True
smackdown2__oc_tfp_1_dm3_max.qwd	self_pov	max	team/4on4	86462	0.7487	0.7487	0.22	170.01	0.0002	1210.730957	71.413	True
smackdown__cmf_cute_1_dm3_amu.qwd	self_pov	amu	team/4on4	86462	0.818	0.8161	0.269	178.63	0.0004	1206.939941	71.637	True
smackdown2__fs_wxo_2_dm3_ritual.qwd	self_pov	ritual	team/4on4	86459	0.695	0.6833	0.33	176.31	0.0004	1216.473999	71.073	True
smackdown2__ritual-wxo-dm3.qwd	self_pov	wxo	team/4on4	86459	0.695	0.6833	0.33	176.31	0.0004	1216.473999	71.073	True
SmackDown4__game_746_hf_la_1_dm3_space.qwd	self_pov	space	team/4on4	86450	0.7027	0.7027	0.181	179.29	0.0003	1213.474976	71.242	True
SmackDown3__game_589_OMG__L__1_DM3_Janus.qwd	self_pov	janus	team/4on4	86445	0.7634	0.7634	0.181	179.91	0.0006	1209.932983	71.446	True
SmackDown3__game_536_MaC_PoC_1_DM3_Kwijibo.qwd	self_pov	kwijibo	team/4on4	86428	0.7882	0.7869	0.225	179.74	0.0003	1230.93103	70.214	True
SmackDown4__game_690_wr__sr__1_dm3_goljat.qwd	self_pov	goljat	team/4on4	86413	0.7948	0.7948	0.621	179.93	0.0005	1209.927979	71.42	True
smackdown__e_cmf_dm3_smackdown.qwd	self_pov	smackdown	team/4on4	86405	0.8414	0.8414	0.335	176.81	0.0003	1210.352051	71.388	True
SmackDown5__game_786_gs_d_1_dm3_abc.qwd	self_pov	abc	team/4on4	86398	0.7625	0.7542	0.0	180.0	0.0003	1210.296021	71.386	True
quakeworld__CHTV_29th-Sweden_mqb-France_belth_dm3_QuakeWorld_4v4__bELTh_[[sc]]_-_[mqb]_4-4_dm3_.qwd	self_pov	mqb	team/4on4	86393	0.8143	0.8143	0.533	176.31	0.0003	1220.287964	70.797	True
quakeworld__CHTV_FraggersUnited-Finland_FourKings-UK_fragunit-rust_dm3_QuakeWorld_4v4_NQR__4on4_fragunit-rust_[-fu-]_vs_[4k]_dm3__02-9-24_.qwd	self_pov	4on4	team/4on4	86389	0.8115	0.8115	0.269	179.3	0.0004	1212.822998	71.23	True
SmackDown3__sd3_clown_x_vs_ag_dm3.qwd	self_pov	sd3	team/4on4	86363	0.7308	0.7308	0.313	178.84	0.0004	1209.875	71.382	True
SmackDown4__game_718_SA_msr_2_DM3_Wart.qwd	self_pov	wart	team/4on4	86361	0.8506	0.8506	0.527	179.8	0.0005	1211.959961	71.257	True
smackdown2__fa_ic_2_dm3_harlsom.qwd	self_pov	harlsom	team/4on4	86357	0.8102	0.8102	0.291	177.92	0.0004	1212.041992	71.249	True
SmackDown3__game_563_THDM_FOAD_1_DM3_neva.qwd	self_pov	neva	team/4on4	86356	0.7684	0.7665	0.269	179.38	0.0006	1209.052002	71.425	True
SmackDown4__game_743__fs__tot_1_dm3_crit___.qwd	self_pov	crit	team/4on4	86338	0.8608	0.8524	0.401	171.3	0.0005	1208.314941	71.453	True
smackdown__tvs_rc_dm3.qwd	self_pov	rc	team/4on4	86333	0.8945	0.8944	0.286	177.44	0.0004	1209.136963	71.401	True
quakeworld__CHTV_Tribe_of_Tjernobyl-Sweden_Various-Sweden_Various_Various_QW_4v4__4on4_tot_vs_koff_dm3_impulse.qwd	self_pov	impulse	team/4on4	86310	0.7709	0.7709	0.374	179.78	0.0005	1208.120972	71.442	True
smackdown2__game_239_TOT_KOFF_1_DM3_Impulse.qwd	self_pov	impulse	team/4on4	86310	0.7709	0.7709	0.374	179.78	0.0005	1208.120972	71.442	True
smackdown__l_tfp_2_dm3_babyroo.qwd	self_pov	babyroo	team/4on4	86308	0.8134	0.8134	0.22	177.99	0.0004	1208.744995	71.403	True
SmackDown3__game_446_OC_OMG_1_DM3_akke.qwd	self_pov	akke	team/4on4	86292	0.7758	0.7758	0.357	179.74	0.0003	1211.161987	71.247	True
quakeworld__CHTV_Orkney-Sweden_Various-Sweden_Various_Various_QW_4v4__4on4_oc_vs_omg_dm3_akke.qwd	self_pov	akke	team/4on4	86292	0.7758	0.7758	0.357	179.74	0.0003	1211.161987	71.247	True
SmackDown3__game_589_OMG__L__1_DM3_baby_roo.qwd	self_pov	baby	team/4on4	86256	0.7389	0.7389	0.176	177.82	0.0004	1207.707031	71.421	True
smackdown2__aok_mu_1_dm3_povo.qwd	self_pov	povo	team/4on4	86227	0.8549	0.8535	0.357	172.72	0.0002	1223.39502	70.482	True
smackdown2__rc_spas_1_dm3_milamber.qwd	self_pov	milamber	team/4on4	86211	0.795	0.795	0.505	179.1	0.0003	1209.563965	71.274	True
SmackDown3__game_443_DS_OD_1_DM3_buggy.qwd	self_pov	buggy	team/4on4	86185	0.7094	0.7094	0.0	178.55	0.0003	1215.796997	70.888	True
smackdown__cmf_bad_2_dm3_fifi.qwd	self_pov	fifi	team/4on4	86183	0.7939	0.7915	0.242	149.13	0.0002	1216.333984	70.855	True
smackdown2__tot_omg_2_dm3_slabby.qwd	self_pov	slabby	team/4on4	86166	0.715	0.7075	0.401	179.59	0.0003	1207.312012	71.37	True
SmackDown3__game_596_THDM_PoC_2_DM3_Juz.qwd	self_pov	juz	team/4on4	86153	0.7822	0.7822	0.374	179.66	0.0003	1209.005005	71.259	True
SmackDown4__game_730_db_msr_3_dm3_akbal.qwd	self_pov	akbal	team/4on4	86148	0.7967	0.7888	0.439	177.09	0.0004	1228.411011	70.13	True
SmackDown3__game_606_THDM_FA_4_DM3_spice.qwd	self_pov	spice	team/4on4	86136	0.7962	0.7952	0.725	179.47	0.0005	1205.578003	71.448	True
smackdown2__game_265_AnM_FULL_2_DM3_AnM-Yronman.qwd	self_pov	anm	team/4on4	86121	0.726	0.7109	0.33	163.45	0.0003	1207.05603	71.348	True
SmackDown3__game_600_Diva_]SR[_3_DM3_Paradoks.qwd	self_pov	paradoks	team/4on4	86118	0.8234	0.8234	0.445	178.78	0.0005	1229.141968	70.064	True
smackdown2__E_omg_1_dm3_TheChosenOne.qwd	self_pov	thechosenone	team/4on4	86084	0.8377	0.826	0.291	173.47	0.0004	1206.767944	71.334	True
smackdown2__azul_lies_1_dm3_pricide.qwd	self_pov	pricide	team/4on4	86081	0.6912	0.6912	0.093	176.6	0.0003	1207.472046	71.29	True
smackdown2__OMG_RC_2_dm3_Nalle.qwd	self_pov	nalle	team/4on4	86050	0.7303	0.7232	0.352	176.57	0.0003	1213.198975	70.928	True
smackdown__para_smackdown_finals_vs_ff_dm3_2.qwd	self_pov	para	team/4on4	86035	0.8084	0.8084	0.396	169.8	0.0004	1218.162964	70.627	True
smackdown2__aok_mu_1_dm3_skitz.qwd	self_pov	skitz	team/4on4	86026	0.8908	0.8908	0.599	136.53	0.0001	1215.902954	70.751	True
smackdown__orb_pq_1_dm3_reverend.qwd	self_pov	reverend	team/4on4	86017	0.8355	0.8325	0.571	171.06	0.0003	1204.453003	71.416	True
SmackDown3__game_597__L__FS_3_DM3_effie.qwd	self_pov	effie	team/4on4	85957	0.6879	0.6879	0.264	179.4	0.0013	1204.072998	71.389	True
smackdown2__ic_dx_1_dm3_dude.qwd	self_pov	dude	team/4on4	85953	0.7936	0.7827	0.439	169.13	0.0003	1248.009033	68.872	True
quakeworld__CHTV_Spartacus-Sweden_Various-Sweden_Various_Various_QW_4v4__4on4__s__vs_cute_dm3_daver.qwd	self_pov	daver	team/4on4	85913	0.8328	0.8281	0.264	179.51	0.0005	1224.14502	70.182	True
quakeworld__CHTV_mix-Cyprus_mix-Cyprus_vreten_dm3_QuakeWorld_4v4__mixat.qwd	self_pov	mixat	team/4on4	85911	0.7508	0.7508	0.306	179.52	0.0006	1226.101318	70.068	True
smackdown2__for2_d_vs_fe_dm3.qwd	self_pov	for2	team/4on4	85909	0.7703	0.7689	0.549	179.6	0.0002	1213.130005	70.816	True
SmackDown3__game_451_Quad_ED_1_DM3_Forsberg.qwd	self_pov	forsberg	team/4on4	85863	0.8402	0.8402	0.313	169.84	0.0002	1217.082031	70.548	True
SmackDown3__game_359_Koff_]SR[_1_DM3_ParadokS.qwd	self_pov	paradoks	team/4on4	85861	0.8172	0.8143	0.637	167.71	0.0003	1225.202026	70.079	True
smackdown2__cmf_plg_1_dm3_vert.qwd	self_pov	vert	team/4on4	85766	0.7155	0.7155	0.093	177.84	0.0004	1201.675049	71.372	True
quakeworld__CHTV_Maniacs-Sweden_WH-Sweden_tyrone_dm3_QuakeWorld_4v4__4v4_wh_[vs]_[0]__dm3__tyrone.qwd	self_pov	tyrone	team/4on4	85751	0.8005	0.7936	0.286	169.85	0.0004	1225.165039	69.991	True
smackdown__para_smackdown_finals_vs_ff_dm3_3.qwd	self_pov	para	team/4on4	85743	0.8346	0.8346	0.396	176.02	0.0004	1214.182983	70.618	True
smackdown2___dg_saturn__dg__vs_gq_dm3_2.qwd	self_pov	dg	team/4on4	85705	0.7388	0.7388	0.242	174.3	0.0003	1208.409058	70.924	True
smackdown2__list_dx_2_dm3_miyagi.qwd	self_pov	miyagi	team/4on4	85704	0.7679	0.7679	0.22	177.92	0.0005	1219.968018	70.251	True
smackdown2__fa_poc_1_dm3_harlsom.qwd	self_pov	harlsom	team/4on4	85643	0.855	0.855	0.335	175.99	0.0001	1221.688965	70.102	True
SmackDown3__game_565_Dx_List_2_DM3_i_have_a_cat_named_cece.qwd	self_pov	i	team/4on4	85618	0.8286	0.8286	0.225	179.5	0.0005	1206.317017	70.975	True
quakeworld__CHTV_Spartacus-Sweden_Various-Sweden_Various_Various_QW_4v4__4on4__s__vs_z_dm3_daver.qwd	self_pov	daver	team/4on4	85608	0.8217	0.8139	0.22	171.62	0.0004	1221.198975	70.102	True
SmackDown3__game_559_FOAD_PoC_1_DM3_darkone.qwd	self_pov	darkone	team/4on4	85525	0.673	0.673	0.357	179.8	0.0004	1203.178955	71.083	True
smackdown2__azul_aok_1_dm3_wart.qwd	self_pov	wart	team/4on4	85515	0.8313	0.8313	0.527	175.91	0.0003	1217.921021	70.214	True
quakeworld__CHTV_4ng3ls-Portugal_TAV-Portugal_all_dm3_QuakeWorld_4v4__11-07-03_soul-tav-angels_dm3.qwd	self_pov	angels	team/4on4	85504	0.7094	0.7094	0.121	180.0	0.0002	1426.232056	59.951	True
quakeworld__CHTV_Nine-Sweden_Various-Sweden_Various_Various_QW_4v4__4on4_9_vs_e_dm3_spice.qwd	self_pov	spice	team/4on4	85325	0.8415	0.8415	0.203	179.9	0.0003	1220.646973	69.901	True
smackdown2___fs__crit__fs__vs__d_dm3_2.qwd	self_pov	fs	team/4on4	85286	0.8515	0.8435	0.401	176.68	0.0006	1193.595947	71.453	True
smackdown__rb_gds_1_dm3_jac.qwd	self_pov	jac	team/4on4	85283	0.8497	0.8497	0.483	172.27	0.0001	1221.248047	69.833	True
smackdown__sah-vs-ag-dm3-haze.qwd	self_pov	haze	team/4on4	85150	0.9218	0.9218	0.33	163.34	0.0002	1214.817017	70.093	True
smackdown__z_nc_1_dm3_dedi.qwd	self_pov	dedi	team/4on4	85084	0.8088	0.806	0.22	178.19	0.0006	1205.906982	70.556	True
smackdown__dx_ho_1_dm3_dana.qwd	self_pov	dana	team/4on4	85025	0.8556	0.8556	0.0	146.04	0.0004	1206.906982	70.449	True
SmackDown3__game_538_WaP_OZ_2_DM3_czm.qwd	self_pov	czm	team/4on4	85021	0.9	0.8991	0.357	178.01	0.0005	1215.254028	69.962	True
smackdown2__D_Icem_2_dm3_Rat.qwd	self_pov	rat	team/4on4	84757	0.7701	0.7701	0.445	164.87	0.0004	1232.671997	68.759	True
smackdown2__tot_para_1_dm3_psycho_dad.qwd	self_pov	psycho	team/4on4	84731	0.6648	0.6556	0.533	175.84	0.0003	1186.515015	71.412	True
quakeworld__CHTV_Medievel_Spawns-Sweden_Various-Sweden_Various_Various_QW_4v4__4on4_mvs_vs_np!_dm3_zodiax.qwd	self_pov	zodiax	team/4on4	84531	0.756	0.7484	0.225	178.26	0.0004	1215.918945	69.52	True
smackdown2__CMF_ADT2_1_dm3_Dare.qwd	self_pov	dare	team/4on4	84485	0.8037	0.7948	0.588	167.53	0.0003	1219.098022	69.301	True
smackdown2__thdm_list_1_dm3_driz.qwd	self_pov	driz	team/4on4	84484	0.85	0.85	0.439	179.59	0.0006	1199.791016	70.416	True
smackdown2__ic_poc_1_dm3_dude.qwd	self_pov	dude	team/4on4	84423	0.7707	0.7628	0.225	119.53	0.0001	1196.730957	70.545	True
smackdown2__cmf_plg_2_dm3_vert.qwd	self_pov	vert	team/4on4	84404	0.6874	0.6874	0.093	158.01	0.0002	1182.631958	71.37	True
quakeworld__CHTV_Teddybears-Sweden_Various-Sweden_Various_Various_QW_4v4__4on4_tb_vs_e_dm3_doomer.qwd	self_pov	doomer	team/4on4	84349	0.7409	0.7409	0.176	175.68	0.0003	1217.47998	69.282	True
smackdown2__ic_poc_1_dm3_Stez.qwd	self_pov	stez	team/4on4	84008	0.8339	0.8272	0.352	150.6	0.0002	1218.064941	68.968	True
smackdown__na-sd-final-ag-vs-lod-haze-dm3.qwd	self_pov	na	team/4on4	83841	0.8699	0.8699	0.335	156.14	0.0003	1218.987061	68.779	True
smackdown2__list_poc_1_dm3_pd.qwd	self_pov	pd	team/4on4	83348	0.8283	0.8283	0.0	176.4	0.0003	1255.733032	66.374	True
quakeworld__CHTV_Spartacus-Sweden_Various-Sweden_Various_Various_QW_4v4__4on4__s__vs_tot_dm3_nikita.qwd	self_pov	nikita	team/4on4	83257	0.7974	0.7974	0.308	175.49	0.0004	1256.849976	66.243	True
smackdown__tr0n_______l0d__lod_vs_5_dm3.qwd	self_pov	tr0n	team/4on4	83137	0.6588	0.6586	0.121	170.33	0.0002	1207.859009	68.83	True
smackdown___GDS__SEER_gds_vs_adm_dm3.qwd	self_pov	gds	team/4on4	82813	0.8044	0.8008	0.137	175.57	0.0004	1221.57605	67.792	True
smackdown__ag-vs-sah-skitter-dm3.qwd	self_pov	ag	team/4on4	82605	0.7411	0.7298	0.176	172.88	0.0003	1212.954956	68.102	True
smackdown__GreyFuckenSeea_gds_vs_adm_dm3.qwd	self_pov	greyfuckenseea	team/4on4	82342	0.7408	0.7372	0.137	168.89	0.0003	1215.697998	67.732	True
smackdown2__list_dx_2_dm3_aircon.qwd	self_pov	aircon	team/4on4	82314	0.8385	0.8385	0.0	179.72	0.0004	1221.880005	67.367	True
quakeworld__CHTV_Swedish_Chefs-Sweden_Varius-Sweden_Lakerman_Various_QW_4v4__4on4_chefs_vs_tpc_dm3_laker.qwd	self_pov	laker	team/4on4	82308	0.8184	0.8184	0.242	178.39	0.0004	1233.072998	66.75	True
smackdown__ag-vs-fith-dm3-2-snakes.qwd	self_pov	snakes	team/4on4	82063	0.8059	0.8059	0.286	177.35	0.0007	1223.416016	67.077	True
SmackDown3__game_536_MaC_PoC_1_DM3_Pace.qwd	self_pov	pace	team/4on4	81836	0.8076	0.8072	0.39	173.73	0.0005	1227.223999	66.684	True
quakeworld__CHTV_RoT-Portugal_TAV-Portugal_all_dm3_QuakeWorld_4v4__27-06-03_ztranger-rot-tav_dm3.qwd	self_pov	tav	team/4on4	81732	0.8457	0.8457	0.401	176.5	0.0004	1225.521973	66.692	True
SmackDown4__game_650__fs__jams_1_dm3_reppie.qwd	self_pov	reppie	team/4on4	81658	0.7637	0.7637	0.489	157.65	0.0003	1214.537964	67.234	True
quakeworld__CHTV_Swedish_Chefs-Sweden_Varius-Sweden_Lakerman_Various_QW_4v4__4on4_sc_vs_sk_dm3_laker.qwd	self_pov	laker	team/4on4	81413	0.8214	0.8164	0.203	175.75	0.0004	1219.384033	66.766	True
laker__sc-sk-dm3__sc-sk-dm3.qwd	self_pov	sk	team/4on4	81413	0.8214	0.8164	0.203	175.75	0.0004	1219.399536	66.765	True
smackdown2__NS_BAD_3_dm3_Jarrex.qwd	self_pov	jarrex	team/4on4	80779	0.7989	0.7888	0.417	178.93	0.0004	1213.52002	66.566	True
quakeworld__CHTV_Swedish_Chefs-Sweden_Varius-Sweden_Lakerman_Various_QW_4v4__4on4_sc_vs_mvs_dm3_laker.qwd	self_pov	laker	team/4on4	80704	0.8008	0.7951	0.198	171.62	0.0003	1219.583008	66.173	True
SmackDown3__game_395_antx_TAV_1_DM3_KaNG.qwd	self_pov	kang	team/4on4	80596	0.8079	0.7996	0.269	171.82	0.0001	1215.876953	66.286	True
smackdown2__OMG_HF_1_dm3_Nalle.qwd	self_pov	nalle	team/4on4	80462	0.7415	0.7336	0.439	178.97	0.0002	1210.630005	66.463	True
smackdown__ag-vs-fith-dm3-1-snakes.qwd	self_pov	snakes	team/4on4	80309	0.85	0.85	0.291	165.12	0.0004	1202.995972	66.757	True
SmackDown3__game_562_THDM_MaC_1_DM3_Pace.qwd	self_pov	pace	team/4on4	79848	0.8204	0.8197	0.39	175.84	0.0008	1205.712036	66.225	True
smackdown__tr0n__L0D__lod_vs_sah_dm3.qwd	self_pov	tr0n	team/4on4	79650	0.8023	0.8016	0.126	178.75	0.0006	1204.708008	66.116	True
smackdown__cmf_vs_quad_1_dm3_dare.qwd	self_pov	dare	team/4on4	79193	0.6508	0.6432	0.352	151.51	0.0002	1219.47998	64.94	True
smackdown__na-sd-final-ag-vs-lod-snakes-dm3.qwd	self_pov	na	team/4on4	79132	0.7962	0.7962	0.286	174.29	0.0005	1220.848022	64.817	True
quakeworld__CHTV_Swedish_Chefs-Sweden_Varius-Sweden_Lakerman_Various_QW_4v4__4on4_sc_vs_bd_dm3_laker.qwd	self_pov	?	?	78886	0.8236	0.8236	0.242	149.47	0.0003	1215.141968	64.919	True
quakeworld__CHTV_The_Pooh_Clan-Europe_Swedish_Chefs-Europe__DM3_QW_4v4__4on4_tpc_vs_sc[dm3].qwd	self_pov	4on4	team/4on4	78691	0.927	0.927	0.378	166.94	0.0006	1264.078125	62.252	True
quakeworld__CHTV_The_Pooh_Clan-Sweden_Various-Sweden_Various_Various_QW_4v4__4on4_tpc_vs_sc_dm3_tiggr.qwd	self_pov	tiggr	team/4on4	78691	0.927	0.927	0.378	166.94	0.0006	1264.078125	62.252	True
smackdown2__game_263_LoW_FULL_2_DM3_FC-Tiger.qwd	self_pov	fc	team/4on4	78247	0.7206	0.7206	0.203	175.67	0.0003	1286.967041	60.8	True
smackdown2__dg-vs-gq-dm3-intense.qwd	self_pov	intense	team/4on4	78016	0.8475	0.8475	0.571	179.67	0.0003	1211.135986	64.416	True
quakeworld__CHTV_DvL-Portugal_4ng3ls-Portugal_all_dm3_QuakeWorld_4v4__26-06-03_padfoot-dvl-4ng3ls__dm3.qwd	self_pov	4ng3ls	team/4on4	77366	0.8495	0.8495	0.665	174.45	0.0002	1292.291992	59.867	True
SmackDown3__game_589_OMG__L__1_DM3_Effie.qwd	self_pov	effie	team/4on4	77290	0.8018	0.8018	0.396	179.53	0.0004	1082.593994	71.393	True
smackdown__gds_adm_2_dm3_uther.qwd	self_pov	uther	team/4on4	76556	0.701	0.701	0.483	179.4	0.0004	1234.401001	62.019	True
smackdown__sah-vs-fith-dm3-arcane.qwd	self_pov	arcane	team/4on4	76547	0.8033	0.7969	0.352	179.49	0.0004	1227.379028	62.366	True
smackdown2__game_258_ANTX_defs_4_DM3_torX.qwd	self_pov	torx	team/4on4	76401	0.7871	0.774	0.593	179.77	0.0007	1222.534058	62.494	True
smackdown__gds_adm_1_dm3_uther.qwd	self_pov	uther	team/4on4	76283	0.6991	0.6991	0.483	177.73	0.0004	1227.149048	62.163	True
quakeworld2__sk_vs_187_dm3__sk_vs_187_dm3.qwd	self_pov	sk	team/4on4	75095	0.772	0.7684	0.269	179.95	0.0005	1207.827118	62.174	True
smackdown2__game_263_LoW_FULL_1_DM3_FC-Tiger.qwd	self_pov	fc	team/4on4	74616	0.763	0.763	0.417	179.66	0.0005	1218.406982	61.241	True
smackdown2__thdm_foad_2_dm3_orion.qwd	self_pov	orion	team/4on4	74027	0.6057	0.6057	0.0	172.63	0.0005	1235.397949	59.922	True
SmackDown3__game_475_Quad_Para_1_DM3_Jac.qwd	self_pov	jac	team/4on4	73960	0.796	0.7872	0.533	154.75	0.0002	1035.324951	71.437	True
smackdown2__foad_mu_1_dm3_orion.qwd	self_pov	orion	team/4on4	73901	0.6981	0.6981	0.247	176.16	0.0003	1233.280029	59.922	True
smackdown__list_adm_1_dm3_pd.qwd	self_pov	pd	team/4on4	73300	0.8291	0.8291	0.0	176.27	0.0004	1218.907959	60.136	True
quakeworld__CHTV_Dunno-Sweden_Various-Sweden_Various_Various_QW_4v4__4on4_d_vs_fu_dm3_von.qwd	self_pov	von	team/4on4	72594	0.6872	0.6872	0.308	180.0	0.0004	1255.602051	57.816	True
quakeworld__CHTV_Brutal_Deluxe-Sweden_Various-Sweden_Various_Various_QW_4v4__4on4_bd_vs_wr_dm3_ronnie.qwd	self_pov	ronnie	team/4on4	72382	0.692	0.6826	0.0	180.0	0.0015	2515.250977	28.777	True
smackdown2__azul_lies_1_dm3_bm.qwd	self_pov	bm	team/4on4	71274	0.8171	0.8082	0.379	178.29	0.0005	1219.276978	58.456	True
smackdown__ttr_cyke_1_dm3_bm.qwd	self_pov	bm	team/4on4	71125	0.7661	0.7596	0.379	179.97	0.0005	1213.537964	58.61	True
smackdown2__CG_EG_1_dm3_cleansweep.qwd	self_pov	cleansweep	team/4on4	71089	0.8756	0.8756	0.791	176.73	0.0005	1207.787964	58.859	True
quakeworld__CHTV_Nine-Sweden_Various-Sweden_Various_Various_QW_4v4__4on4_9_vs_uk_dm3_para.qwd	self_pov	para	team/4on4	69673	0.8027	0.8027	0.269	179.28	0.0006	1218.296021	57.189	True
smackdown__aw_tdi_3_dm3_mamba.qwd	self_pov	mamba	team/4on4	67673	0.8044	0.8044	0.571	174.0	0.0004	1220.843018	55.431	True
smackdown__vana_e_vs_ff_dm3_3__vana_e_vs_ff_dm3.qwd	self_pov	vana	team/4on4	67634	0.7704	0.7632	0.33	168.74	0.0005	948.41803	71.312	True
smackdown__list_adm_1_dm3_arnie.qwd	self_pov	arnie	team/4on4	65951	0.7703	0.7703	0.22	179.14	0.0002	1254.067993	52.59	True
smackdown2__omf_fu_1_dm3_tco.qwd	self_pov	tco	team/4on4	65766	0.7543	0.7437	0.203	179.81	0.0004	930.585022	70.672	True
smackdown__d2d_list_1_dm3_arnie.qwd	self_pov	arnie	team/4on4	64037	0.7848	0.7848	0.22	172.97	0.0003	1217.520996	52.596	True
quakeworld2__ea_vs_ocr_dm3__ea_vs_ocr_dm3.qwd	self_pov	ea	team/4on4	62718	0.8682	0.8616	0.445	173.96	0.0003	1206.31665	51.991	True
quakeworld__CHTV_mix-Europe_mix-Europe_tyrone_dm3_QuakeWorld_4v4__4v4_1_[vs]_4k_dm3_tyrone.qwd	self_pov	tyrone	team/4on4	62452	0.7843	0.7745	0.0	171.27	0.0003	915.072021	68.248	True
smackdown2__fa_thdm_1_dm3_melt.qwd	self_pov	melt	team/4on4	61021	0.8493	0.8493	0.621	179.21	0.0009	1224.876953	49.818	True
smackdown__rb_adm_1_dm3_necro.qwd	self_pov	necro	team/4on4	60752	0.8243	0.8243	1.198	155.44	0.0001	1217.718018	49.89	True
smackdown__rb_fa_1_dm3_necro.qwd	self_pov	necro	team/4on4	60722	0.6842	0.6842	0.45	176.63	0.0003	1218.57605	49.83	True
SmackDown3__game_398_defs_-sl-_1_DM3_lhuk.qwd	self_pov	lhuk	team/4on4	60260	0.7617	0.7506	0.445	177.37	0.0002	1212.077026	49.716	True
smackdown2__game_258_ANTX_defs_4_DM3_Zip.qwd	self_pov	zip	team/4on4	59997	0.7605	0.7605	0.335	180.0	0.0004	1211.120972	49.538	True
paradoks__e_vs_tdi_dm3.qwd	self_pov	e	team/4on4	59593	0.7559	0.7559	0.198	122.73	0.0002	831.73999	71.649	True
smackdown2__st_5_1_dm3_carnage.qwd	self_pov	carnage	team/4on4	59019	0.8641	0.8609	0.709	179.29	0.0005	882.669006	66.864	True
quakeworld2__sk_vs_nine_dm3__sk_vs_nine_dm3.qwd	self_pov	sk	team/4on4	58158	0.7855	0.7789	0.291	174.63	0.0004	950.878967	61.162	True
quakeworld__CHTV_rpickup-Brazil_rpickup-Brazil_Necrophobia_dm3_QW_4v4__necrophobia_-_[4on4_blue_vs_red]_-_[dm3]_000.qwd	self_pov	necrophobia	team/4on4	57630	0.7446	0.7439	0.379	180.0	0.0006	748.446289	77.0	True
smackdown__fa_list_1_dm3_syco.qwd	self_pov	syco	team/4on4	50607	0.6674	0.6674	0.066	177.11	0.0011	1164.543945	43.456	True
quakeworld__CHTV_Warriors_of_the_Realm-Sweden_Various-Sweden_Various_Various_QW_4v4__4on4_wr_vs_doom_dm3_liech.qwd	self_pov	liech	team/4on4	49501	0.8116	0.8116	0.571	162.03	0.0003	1214.732056	40.751	True
quakeworld__CHTV_boohoo-UK_fry-UK_boohoo_dm3_QuakeWorld_1v1__boohoo_fry.qwd	self_pov	boohoo	duel	46213	0.8369	0.8369	0.39	178.57	0.0009	609.26001	75.851	True
smackdown2__chtv-carnage-st-vs-rb-dm3.qwd	self_pov	rb	team/4on4	40414	0.8403	0.8326	1.143	179.08	0.0005	1216.06897	33.233	True
quakeworld__CHTV_WR-Sweden_Oss-Sweden_Triplesix_dm3_e3m6_QW_CTF__fight1.qwd	self_pov	fight1	team/4on4	32585	0.8389	0.838	0.36	172.23	0.0006	912.618011	35.705	True
quakeworld__CHTV_WR-Sweden_Oss-Sweden_Triplesix_dm3_e3m6_QW_CTF__fight4.qwd	self_pov	fight4	team/4on4	32552	0.8421	0.8421	0.357	178.19	0.0006	911.740967	35.703	True
quakeworld__CHTV_WR-Sweden_Oss-Sweden_Triplesix_dm3_e3m6_QW_CTF__fight2.qwd	self_pov	fight2	team/4on4	32372	0.8231	0.8226	0.358	158.65	0.0004	906.734131	35.702	True
quakeworld__CHTV_CoP-Sweden_ACE-Sweden_Triplesix_dm3_e2m5_QW_CTF__CoP_ACE4.qwd	self_pov	cop	team/4on4	30877	0.8283	0.8274	0.0	170.41	0.0011	924.868652	33.385	True
quakeworld__CHTV_CoP-Sweden_ACE-Sweden_Triplesix_dm3_e2m5_QW_CTF__CoP_ACE2.qwd	self_pov	cop	team/4on4	30426	0.666	0.6651	0.0	179.87	0.0013	919.578857	33.087	True
quakeworld__CHTV_CoP-Sweden_ACE-Sweden_Triplesix_dm3_e2m5_QW_CTF__CoP_ACE1.qwd	self_pov	cop	team/4on4	29857	0.785	0.7831	0.002	178.52	0.0015	919.204773	32.481	True
smackdown__gds_adm_2_dm3_wart.qwd	self_pov	wart	team/4on4	29119	0.8691	0.869	0.0	178.87	0.0026	1227.535034	23.722	True
smackdown__gds_adm_1_dm3_wart.qwd	self_pov	wart	team/4on4	28948	0.8804	0.8803	0.879	179.42	0.0023	1229.937012	23.536	True
smackdown__fa_adm_1_dm3_wart.qwd	self_pov	wart	team/4on4	28490	0.8955	0.8954	0.533	179.14	0.0037	1220.916016	23.335	True
smackdown__rb_adm_1_dm3_wart.qwd	self_pov	wart	team/4on4	28361	0.8688	0.8688	0.533	178.9	0.0031	1215.962036	23.324	True
smackdown__list_adm_1_dm3_wart.qwd	self_pov	wart	team/4on4	28135	0.881	0.881	0.533	179.03	0.0028	1210.68396	23.239	True
smackdown__d2d_list_1_dm3_syco.qwd	self_pov	syco	team/4on4	24517	0.7497	0.7497	0.159	160.2	0.0005	565.801025	43.331	True
smackdown__vana_e_vs_ff_dm3_3__vana_e_vs_ff_dm3_12.qwd	self_pov	vana	team/4on4	21697	0.7002	0.6948	0.22	99.51	0.0002	304.092987	71.35	True
quakeworld__CHTV_CONSTAFA-Netherlands_OTHERS-Netherlands_CONSTAFA_DIVERS_Quakeworld_Classic__dm3.qwd	self_pov	?	team/4on4	10130	0.7919	0.7885	0.001	169.64	0.0273	270.143631	37.499	True
quakeworld__CHTV_kimbo-Sweden_none-None_kimbo_dm3_QuakeWorld_Trick__trick.qwd	self_pov	trick	team/4on4	7341	0.5604	0.5604	0.003	14.58	0.0	122.427063	59.962	True
quakeworld__CHTV__r_chris-USA_skill200frogbot-Australia__r_chris_dm3_QWCA_Domination__pentandwater.qwd	self_pov	pentandwater	team/4on4	5709	0.8989	0.8879	0.4	159.25	0.0004	126.970947	44.963	True
quakeworld__CHTV_CAMP-Sweden_NONE-None_ETA-BETA_DM3_QuakeWorld_Trick__dm3_trick.qwd	self_pov	trick	team/4on4	4870	0.6725	0.6567	0.449	180.0	0.0014	63.316895	76.915	True
quakeworld__CHTV_WR-Sweden_Oss-Sweden_Triplesix_dm3_e3m6_QW_CTF__fight3.qwd	self_pov	fight3	team/4on4	3933	0.7117	0.7117	0.357	118.69	0.0005	114.0	34.5	True
quakeworld__CHTV_phil-USA_noone-USA_phil_dm3_QWCA_Trick__across.qwd	self_pov	across	team/4on4	3233	0.8729	0.8556	1.588	15.64	0.0	44.944	71.934	True
quakeworld__CHTV_thief-Brazil_pd-Brazil_thief_dm3_QuakeWorld_Comedy__jogada_pent.qwd	self_pov	jogada	team/4on4	2876	0.9113	0.8338	0.302	71.75	0.0003	38.351807	74.99	True
quakeworld__CHTV_---slayer-None_trick-None_124_fov_-_first_person_dm3_QW_Trick__slayer.qwd	self_pov	slayer	team/4on4	1959	0.7499	0.7499	0.577	39.26	0.0	27.250656	71.888	True
quakeworld__CHTV_Newtov-USA_Trick-USA_Newtov_DM3_QuakeWorld_Trick__trick1.qwd	self_pov	trick1	team/4on4	1625	0.8375	0.8271	1.496	12.9	0.0	23.007324	70.63	True
quakeworld__CHTV_bw-Brazil_the_other_team-Brazil_bw_dm3_dm6_QWCA_HowTo__ca-frag-1.qwd	self_pov	frag	team/4on4	1597	0.7733	0.7733	0.0	24.29	0.0	19.388184	82.37	True
quakeworld__CHTV_fm-phil-USA_trickdemo-USA_fm-phil_DM3_QuakeWorld_Trick__acrossZ.qwd	self_pov	acrossz	team/4on4	1493	0.8312	0.8225	1.384	12.08	0.0	21.462999	69.562	True
quakeworld__CHTV_joi-Sweden_none-_joi_dm3_QuakeWorld_Trick__joi.qwd	self_pov	joi	team/4on4	1392	0.6013	0.6013	0.0	127.16	0.0043	20.447001	68.078	True
quakeworld__CHTV_peppe-Sweden_NA-Scotland_peppe_dm3_dm6_Quakeworld_Trick__peppe-dm6run.qwd	self_pov	peppe	team/4on4	1390	0.8223	0.8223	1.371	13.72	0.0	18.098145	76.803	True
quakeworld__CHTV_peppe-Sweden_NA-Scotland_peppe_dm3_dm6_Quakeworld_Trick__peppe-dm3run.qwd	self_pov	peppe	team/4on4	1016	0.8612	0.8612	1.848	10.3	0.0	13.24855	76.688	True
quakeworld__CHTV_BogoJoker-USA_none-USA_BogoJoker_various_QuakeWorld_Trick__dm3-cool3.qwd	self_pov	cool3	team/4on4	994	0.7354	0.7243	1.172	11.87	0.0	13.844238	71.799	True
quakeworld__CHTV_bw-Brazil_the_other_team-Brazil_bw_dm3_dm6_QWCA_HowTo__ca-frag-2.qwd	self_pov	frag	team/4on4	858	0.824	0.824	0.527	14.78	0.0	10.530029	81.481	True
quakeworld__CHTV_BogoJoker-USA_KovaakSassaSniperZef-USA_me_various_QuakeWorld_Trick__dm3_raremix3.qwd	self_pov	raremix3	team/4on4	840	0.7179	0.7119	1.214	13.82	0.0	13.954102	60.197	True
quakeworld__CHTV_BogoJoker-USA_KovaakSassaSniperZef-USA_me_various_QuakeWorld_Trick__dm3_raremix.qwd	self_pov	raremix	team/4on4	832	0.8954	0.8858	1.211	17.31	0.0	13.788208	60.341	True
quakeworld__CHTV_Newtov-USA_Trick-USA_Newtov_DM3_QuakeWorld_Trick__trick2.qwd	self_pov	trick2	team/4on4	773	0.7348	0.727	1.047	16.35	0.0	11.026245	70.105	True
quakeworld__CHTV_Newtov-USA_Trick-USA_Newtov_DM3_QuakeWorld_Trick__trick4.qwd	self_pov	trick4	team/4on4	707	0.7808	0.7694	1.053	7.95	0.0	9.929565	71.202	True
quakeworld__CHTV_BogoJoker-USA_none-USA_BogoJoker_various_QuakeWorld_Trick__dm3-remix.qwd	self_pov	remix	team/4on4	654	0.8257	0.8119	1.51	11.04	0.0	9.106689	71.815	True
quakeworld__CHTV_BogoJoker-USA_none-USA_BogoJoker_various_QuakeWorld_Trick__dm3-cool2.qwd	self_pov	cool2	team/4on4	557	0.6176	0.6014	1.17	10.03	0.0	7.764648	71.735	True
quakeworld__CHTV_the-interceptor-Sweden_trick-_the-interceptor_various_QuakeWorld_Trick__dm3-trick-02.qwd	self_pov	trick	team/4on4	550	0.74	0.7218	1.78	10.83	0.0	7.693	71.494	True
quakeworld__CHTV_Seco-Brazil_-__Dm3_QuakeWorld_Trick__pulorlz.qwd	self_pov	pulorlz	team/4on4	499	0.6052	0.6052	0.172	178.33	0.004	6.980957	71.48	True
quakeworld__CHTV_Newtov-USA_None-None_Newtov_Various_QuakeWorld_Trick__DM3_trick5.qwd	self_pov	trick5	team/4on4	479	0.595	0.5887	0.451	15.3	0.0	7.052246	67.922	True
quakeworld__CHTV_blah-Austria_no-Austria_blah_dm3_dm5_dm6_e1m2_QuakeWorld_1v1__dm6doublejump4.qwd	self_pov	dm6doublejump4	duel	446	0.6525	0.63	0.791	18.75	0.0	5.78	77.163	True
quakeworld__CHTV_ApoKaLypZe-Sweden_various-Argentina_ApoKaLypZe_various_QuakeWorld_Trick__dm3-trick1.qwd	self_pov	trick1	team/4on4	425	0.5624	0.5506	0.879	10.01	0.0	5.946	71.477	True
quakeworld__CHTV_blah-Austria_no-Austria_blah_dm3_dm5_dm6_e1m2_QuakeWorld_1v1__dm6slopedoublejump.qwd	self_pov	dm6slopedoublejump	duel	421	0.5653	0.5653	0.264	18.48	0.0	5.454	77.191	True
quakeworld__CHTV_blah-Austria_no-Austria_blah_dm3_dm5_dm6_e1m2_QuakeWorld_1v1__dm6doublejump2.qwd	self_pov	dm6doublejump2	duel	415	0.5783	0.5663	0.269	17.69	0.0	5.376	77.195	True
quakeworld__CHTV_JSS-Russia_None-Russia_JSS_Trick_pack_QW_Trick__JSS_[dm3]_3.qwd	self_pov	jss	team/4on4	407	0.5602	0.5602	0.112	8.9	0.0	5.355713	75.994	True
quakeworld__CHTV_blah-Austria_no-Austria_blah_dm3_dm5_dm6_e1m2_QuakeWorld_1v1__dm6doublejump.qwd	self_pov	dm6doublejump	duel	402	0.6443	0.6393	0.527	7.39	0.0	5.207	77.204	True
quakeworld__CHTV_BogoJoker-USA_KovaakSassaSniperZef-USA_me_various_QuakeWorld_Trick__dm3_raremix2.qwd	self_pov	raremix2	team/4on4	386	0.6477	0.6295	0.76	12.9	0.0	6.396973	60.341	True
quakeworld__CHTV_unnamed-None_none-None_unnamed_dm3_QuakeWorld_Trick__dm3pentnailclimb.qwd	self_pov	dm3pentnailclimb	team/4on4	352	0.5852	0.5852	0.0	0.26	0.0	4.564	77.125	True
quakeworld__CHTV_KOFF-Finland_Firing_Squad-Finland_Autotrack_DM3_DM2_QW_4v4__2005-04-21_koff_vs_[fs]_dm3_000.qwd	spectator	fs	team/4on4	114946	0.0	0.0	0.005	179.42	0.0013	1513.661987	75.939	True
quakeworld__CHTV_Slackers-Europe_Clan_MalFunction-Europe_Autotrack_commentary_dm3_QW_4v4__cmf_sr_dm3.qwd	spectator	sr	team/4on4	95979	0.0	0.0	0.236	180.0	0.0011	1310.781982	73.223	True
quakeworld__CHTV_Slackers-Europe_The_Viper_Squad-Europe_Commentary_dm2-dm3_QW_4v4__sr-tvs-eql3-dm3.qwd	spectator	eql3	team/4on4	93475	0.0	0.0	0.374	178.79	0.0007	1214.197998	76.985	True
quakeworld__CHTV_Firing_Squad-Europe_Lege_Artis-Europe_Autotrack_commentary_DM3_QW_4v4__2006-03-19_[fs]_vs_.la._dm3_000.qwd	spectator	la	team/4on4	93330	0.0	0.0	0.269	177.3	0.0007	1214.103027	76.872	True
quakeworld__CHTV_Leftovers-Europe_Lege_Artis-Europe_Autotrack_commentary_DM3_QW_4v4__2006-03-19_.la._vs_l0_dm3_000.qwd	spectator	l0	team/4on4	93296	0.0	0.0	0.176	179.41	0.0009	1213.883057	76.857	True
quakeworld__CHTV_Firing_Squad-Europe_Lege_Artis-Europe_Autotrack_commentary_DM3_QW_4v4_1__2006-03-19_[fs]_vs_.la._dm3_001.qwd	spectator	la	team/4on4	93281	0.0	0.0	0.28	180.0	0.0013	1214.034058	76.836	True
quakeworld__CHTV_Leftovers-Europe_Lege_Artis-Europe_Autotrack_commentary_DM3_QW_4v4_1__2006-03-19_.la._vs_l0_dm3_001.qwd	spectator	l0	team/4on4	93278	0.0	0.0	0.181	179.79	0.0008	1213.845947	76.845	True
quakeworld__CHTV_Slackers-Europe_Malfunction-Europe_Voice-Spec_dm3_QuakeWorld_4v4__Spec-sr-cmf-dm3_rnd2.qwd	spectator	rnd2	team/4on4	93029	0.0	0.0	0.39	179.92	0.0004	1215.343018	76.545	True
quakeworld__CHTV_Clan_MalFunction-Finland_Fragomatic-Finland_autotrack_commentary_dm3_QW_4v4__2006-04-27_cmf_vs_fOm_dm3_001.qwd	spectator	fom	team/4on4	92834	0.0	0.0	0.396	178.45	0.001	1212.362061	76.573	True
quakeworld__CHTV_Slackers-Europe_Malfunction-Europe_Voice-Spec_dm3_QuakeWorld_4v4_1__Spec-sr-cmf-dm3_rnd4.qwd	spectator	rnd4	team/4on4	92513	0.0	0.0	0.297	178.49	0.0006	1207.697021	76.603	True
quakeworld__CHTV_LA-Sweden_CMF-Finland_Gaz__Commentator__dm3_Quakeworld_4v4__2005-01-09_cmf_vs_.la._dm3_000.qwd	spectator	la	team/4on4	92382	0.0	0.0	0.709	178.28	0.0005	1212.383057	76.199	True
quakeworld__CHTV_Clan_Malfunction-Finland_Slackers-Finland_Autotrack_DM3_QW_Demo_Audio__2006-05-10_cmf_vs_]sr[_dm3_000.qwd	spectator	sr	team/4on4	92376	0.0	0.0	0.0	177.04	0.0007	1214.199951	76.08	True
quakeworld__CHTV_The_Viper_Squad-Finland_Firing_Squad-Finland_Autotrack_and_commentary_DM3_QW_4v4_1__2006-03-16_[fs]_vs_tvs_dm3_001.qwd	spectator	tvs	team/4on4	91881	0.0	0.0	0.165	180.0	0.0008	1214.312988	75.665	True
quakeworld__CHTV_Slackers-Europe_clanMalFunction-Finland_live-autotrack!QWD_dm3_QuakeWorld_4v4__spec__moris_czechcam_dm3.qwd	spectator	czechcam	team/4on4	91718	0.0	0.0	0.385	178.31	0.0008	1226.981934	74.751	True
quakeworld__CHTV_Slackers-Europe_Lege_Artis-Europe_autotrack_dm3_dm2_e1m2_QW_4v4__2005-02-20_.la._vs_]sr[_dm3_000.qwd	spectator	sr	team/4on4	91602	0.0	0.0	0.352	178.07	0.0004	1214.26001	75.439	True
quakeworld__CHTV_The_Viper_Squad-Finland_Firing_Squad-Finland_Autotrack_and_commentary_DM3_QW_4v4__2006-03-16_[fs]_vs_tvs_dm3_000.qwd	spectator	tvs	team/4on4	91179	0.0	0.0	0.22	179.93	0.0018	1213.777954	75.12	True
quakeworld__CHTV_fom-Sweden_tvs-Sweden_Autotrack_commentary_dm3_QW_4v4__060424_4on4_tvs_vs_fOm_dm3_060424_000.qwd	spectator	fom	team/4on4	91124	0.0	0.0	0.0	179.04	0.0006	1210.333008	75.288	True
quakeworld__CHTV_Slackers-Finland_Lege_Artis-Finland_autotrack_dm3_e1m2_cmt4_QW_4v4__2005-01-16_.la._vs_]sr[_cmt4_000.qwd	spectator	la	team/4on4	90787	0.0	0.0	0.22	179.99	0.0008	1214.395996	74.759	True
quakeworld__CHTV_Clan_Malfunction-Finland_Disorder-Sweden_Commentator_e1m2_dm3_dm2_Quakeworld_4v4__2-2003-12-08_ds_vs_cmf_dm3_000.qwd	spectator	cmf	team/4on4	89461	0.0	0.0	0.33	179.91	0.0007	1219.010986	73.388	True
quakeworld__CHTV_HGC-Europe_Brazil_dreamteam-Europe_spec_dm3_dm2_QuakeWorld_4v4__04-05-16_anm_vs_hgc_dm3_000.qwd	spectator	hgc	team/4on4	89084	0.0	0.0	0.159	179.82	0.0009	1212.017944	73.501	True
quakeworld__CHTV_Clan_Malfunction-Finland_Disorder-Sweden_Commentator_e1m2_dm3_dm2_Quakeworld_4v4__4-2003-12-08_cmf_vs_ds_dm3_000.qwd	spectator	ds	team/4on4	88139	0.0	0.0	0.225	174.4	0.0006	1218.280029	72.347	True
smackdown__na-sd-final-ag-vs-lod-def-dm3.qwd	spectator	na	team/4on4	87659	0.0	0.0	0.0	178.03	0.0002	1229.66394	71.287	True
smackdown2__chtv-smackdown2--ag-vs-5-dm3-def.qwd	spectator	def	team/4on4	87512	0.0	0.0	0.099	179.81	0.0003	1225.578979	71.405	True
SmackDown4__game_730_db_msr_3_dm3_sinthreck.qwd	spectator	sinthreck	team/4on4	87477	0.0	0.0	0.0	141.38	0.0011	1230.468994	71.092	True
SmackDown5__game_996_ff_tsc_1_dm3_bronx.qwd	spectator	bronx	team/4on4	87210	0.0	0.0	0.0	178.65	0.001	1221.267944	71.409	True
smackdown2__DN_ADT_1_dm3_Oppy.qwd	spectator	oppy	team/4on4	87110	0.0	0.0	0.0	176.47	0.0002	1219.302002	71.443	True
smackdown2__DN_SPAS_1_dm3_oppy.qwd	spectator	oppy	team/4on4	86618	0.0	0.0	0.374	178.48	0.0004	1239.630981	69.874	True
smackdown__d2d_list_1_dm3_mir.qwd	spectator	mir	team/4on4	86385	0.0	0.0	0.093	166.51	0.0003	1222.618042	70.656	True
smackdown2__ic_thdm_2_dm3_def.qwd	spectator	def	team/4on4	86338	0.0	0.0	0.0	152.86	0.0005	1213.901978	71.124	True
smackdown2__aok_lies_1_dm3_sinthreck.qwd	spectator	sinthreck	team/4on4	86108	0.0	0.0	0.0	179.07	0.0013	1212.947998	70.991	True
quakeworld__CHTV_Slackers-Finland_Lege_Artis-Finland_autotrack_dm3_e1m2_cmt4_QW_4v4__2005-01-16_.la._vs_]sr[_dm3_000.qwd	spectator	sr	team/4on4	85201	0.0	0.0	0.005	176.37	0.0012	1214.38501	70.16	True
SmackDown3__game_536_MaC_PoC_1_DM3_Muncher.qwd	spectator	muncher	team/4on4	84762	0.0	0.0	0.467	177.41	0.0008	1217.484985	69.621	True
smackdown2__pietro_ff_tot_dm3.qwd	spectator	tot	team/4on4	83777	0.0	0.0	0.225	177.97	0.0005	1196.517944	70.017	True
smackdown2__dn_v_wfb-dm3_ht-_sd2_.qwd	spectator	ht	team/4on4	83425	0.0	0.0	0.445	178.01	0.0004	1251.168945	66.678	True
quakeworld__CHTV_slackers-Puerto_Rico_the_viper_squad-Puerto_Rico_whine-deluxe-5k_dm3-prewar_QW_Comedy__uh.qwd	spectator	uh	team/4on4	82265	0.0	0.0	0.0	116.05	0.0001	1616.420044	50.893	True
quakeworld__CHTV_Slackers-Europe_clanMalFunction-Finland_live-autotrack!QWD_dm3_QuakeWorld_4v4_1__spec__moris_czechcam_dm3_00.qwd	spectator	czechcam	team/4on4	73121	0.0	0.0	0.209	179.53	0.0013	983.532227	74.345	True
smackdown__ibh_dn_1_dm3_oppy.qwd	spectator	oppy	team/4on4	54668	0.0	0.0	0.379	179.13	0.0011	1301.94397	41.99	True
smackdown2__EG_XX_1_dm3_Fiend.qwd	spectator	fiend	team/4on4	39433	0.0002	0.0	0.0	176.0	0.004	1199.136963	32.884	True
quakeworld__CHTV_adrian_cheating-USA_adrian_hacking-USA_adrian_DM3_QW_CA__adrian.qwd	spectator	adrian	team/4on4	35562	0.0	0.0	0.0	180.0	0.0009	461.925362	76.986	True
quakeworld__CHTV_Philthy_Phil-PuertoRico_THE_QW_BUG-None_Philthy_Phil_DM3_QuakeWorld_Trick__dm3_bug_or_not.qwd	spectator	bug	team/4on4	25584	0.0098	0.0077	0.0	5.8	0.0	332.618011	76.917	True
quakeworld__CHTV_dsgrim-USA_enemy-USA_spectator_dm3_QWCA_1v1__grimcheating.qwd	spectator	grimcheating	duel	13531	0.1049	0.1049	0.0	113.23	0.0001	190.9375	70.866	True
quakeworld__CHTV_dsgrim-USA_enemy-USA_spectator_dm3_QWCA_1v1__GRIMCHEATS.qwd	spectator	grimcheats	duel	6211	0.1067	0.1067	0.0	10.17	0.0	81.607422	76.108	True
quakeworld__CHTV_red-USA_blue-USA_arc_dm3_QW_CA__arc.qwd	spectator	arc	team/4on4	4828	0.0	0.0	0.396	176.01	0.0004	62.701294	77.0	True
