clawfinger	SmackDown3__game_451_Quad_ED_1_DM3_clawfinger.qwd
e1m2	smackdown2__60_forsberg_dm3_e1m2.qwd
aircon	smackdown2__thdm_list_1_dm3_aircon.qwd
pietro	quakeworld__CHTV_Dunno-Sweden_Various-Sweden_Various_Various_QW_4v4__4on4_d_vs__s__dm3_pietro.qwd
hagge	quakeworld__CHTV_Camp-Sweden_HGC-Poland_hagge_dm3_QuakeWorld_4v4__hagge_camp_vs_hgc_dm3_3.qwd
ag	smackdown__ag-vs-xx-daw-dm3.qwd
arnie	SmackDown3__game_537_List_LOK_2_DM3_arnie.qwd
wang	smackdown2__chtv-smackdown2-eg-vs-5-wang-dm3.qwd
para	smackdown2__para_fu_1_dm3_PARA.qwd
okkun	quakeworld__CHTV_Nine-Sweden_Various-Sweden_Various_Various_QW_4v4__4on4_9_vs_dr_dm3_okkun.qwd
blind	smackdown__lkdn_ttr_2_dm3_blind.qwd
ff	smackdown__ff_pietro__ff__vs___E__dm3_2.qwd
scenic	smackdown2__koff_adt_1_dm3_Scenic.qwd
aircon	SmackDown3__game_537_List_LOK_2_DM3_aircon.qwd
dakoth	SmackDown3__game_561_Twats_HPR_1_DM3_dakoth.qwd
f	quakeworld__CHTV_Fired-USA_Fnu-USA_Sassa_dm3_QuakeWorld_4v4__fnu_sassa_[_fnu]_-_[f]_4-4_dm3_.qwd
diehard	quakeworld__CHTV_r3v-USA_vs-USA_d1eh4rd-r3v_dm3_QW_4v4__diehard_vs1.qwd
telly	SmackDown5__game_844_jams_amd_1_dm3_telly.qwd
blt	quakeworld__CHTV_Maniacs-Sweden_Blt-Finland_Sassa_dm3_QuakeWorld_4v4__sassa_[[0]]_-_[blt]_4-4_dm3_.qwd
ocla	quakeworld__CHTV_6_-_O_cla-Brazil__Anm_-_Animaniacs-Brazil_memil_dm3_QuakeWorld_4v4__6.memil_-_[4on4_ocla[vs]1]_-_[dm3]_000.qwd
fix	SmackDown5__game_966_cmf_para_2_dm3_fix.qwd
cougar	quakeworld__CHTV_Antiquad-Finland_DeathTeam-Russia_Cougar_dm3_QuakeWorld_4v4__CB_aq_vs_dt_dm3_cougar.qwd
4ng3ls	quakeworld__CHTV_DvL-Portugal_4ng3ls-Portugal_all_dm3_QuakeWorld_4v4__26-06-03_insane-dvl-4ng3ls__dm3.qwd
nih	SmackDown5__game_844_jams_amd_1_dm3_nih.qwd
hangtime	SmackDown5__game_870_trash_-tf-_2_dm3_hangtime.qwd
anm	quakeworld__CHTV_O_Cla_[6]-Brazil_Animaniacs_[AnM]-Brazil_doob_dm3_QW_4v4__6_VS_anm_100percent_doob_.qwd
oc	quakeworld__CHTV_O_Cla_[6]-Brazil_Lords_of_War_[LoW]-Brazil_doob_dm3_QW_3v3__2004-09-10_3on3_low_vs_[oc]_dm3_000.qwd
sfinal	quakeworld__CHTV_Slackers-Europe_Firing_Squad-Europe_]sr[_dm3_QuakeWorld_4v4__Gamer_]sr[_vs_fs_dm3_sfinal.qwd
myth	quakeworld__CHTV_bulldozer_def_drako_pony-USA_cyan_kovaak_myth_ultimo-USA_def_dm3_QW_4v4__2005_07_17_def_zodiak_drako_bulldozer_[vs]_cyan_ultimo_kovaak_myth_dm3_.qwd
beasil	smackdown2__fa_poc_1_dm3_beasil.qwd
rush	SmackDown5__game_870_trash_-tf-_2_dm3_rush.qwd
qand	quakeworld__CHTV_FiringSquad-Europe_Qandrane-Europe_fix_dm3_e1m2_QuakeWorld_4v4__qand_vs_[fs]_dm3_03-10-12_000.qwd
hiks	SmackDown5__game_875_vm_-tf-_1_dm3_hiks.qwd
sassa	quakeworld__CHTV_Maniacs-Sweden_Numeric-Europe_Sassa_dm3_QuakeWorld_4v4__sassa_[[0]]_-_[_]_4-4_dm3_.qwd
astro	smackdown__rb_fa_1_dm3_astro.qwd
yell	quakeworld__CHTV_mix-Sweden_mix-Sweden_Sassa_dm3_QuakeWorld_4v4__2003-12-23_blue_vs_yell_[dm3]_000.qwd
cmf	quakeworld__CHTV_fspanic-Sweden_cmf-Sweden_panic_DM3_QuakeWorld_4v4__panic_[[fs]]_-_[cmf]_4-4_dm3_.qwd
bulldozer	smackdown2__AG_XX_1_dm3_BullDozer.qwd
cara	SmackDown5__game_942_re_-ib-_1_dm3_cara.qwd
white	SmackDown4__game_714_tec__l__1_dm3_white.qwd
4on4	quakeworld__CHTV_Firing_Squad-Europe_Koff_mix-Europe_blixem_dm3_QW_4v4__4on4_[fs]_vs_koff_dm3_24-11-04_000.qwd
nevamind	SmackDown5__game_776_list_thdm_2_dm3_nevamind.qwd
diehard	quakeworld__CHTV_r3v-USA_vs-USA_diehard-r3v_dm3_QW_4v4__diehard_vs2.qwd
psikaar	quakeworld__CHTV_mm-Australia_soda-Australia_psikaar_dm2_dm3_e1m2_QW_4v4___psikaar_-_[4on4_mm_vs_soda]_-_[dm3]_000.qwd
dyb	quakeworld__CHTV_Maniacs_-Sweden_Dybbuk-Sweden_Sassa_dm3_dm2_e1m2_QuakeWorld_4v4__04-04-04_[0]_vs_dyb_[dm3]_000.qwd
zoo	quakeworld__CHTV_Maniacs-Sweden_Zoo-Sweden_Sassa_dm3_cmt4_e1m2_QuakeWorld_4v4__04-04-02_[0]_vs_Zoo._[cmt4]_000.qwd
gq	smackdown2__gq_ziploc__gq_vs__dg__dm3_3.qwd
rat	smackdown2__FF_D_2_dm3_Rat.qwd
striker	SmackDown4__game_690_wr__sr__1_dm3_striker.qwd
sfinal	quakeworld__CHTV_Slackers-Europe_Firing_Squad-Europe_]sr[_dm3_QuakeWorld_4v4__ParadokS_]sr[_vs_fs_dm3_sfinal.qwd
zoo	quakeworld__CHTV_Maniacs-Sweden_Zoo-Sweden_Sassa_dm3_cmt4_e1m2_QuakeWorld_4v4__04-04-02_[0]_vs_Zoo._[dm3]_000.qwd
gq	smackdown2__dnex-fff-gq-dm3.qwd
vana	smackdown2__[E]_n0skill__1_dm3_Vana.qwd
tav	quakeworld__CHTV_RoT-Portugal_TAV-Portugal_all_dm3_QuakeWorld_4v4__27-06-03_nitemare-rot-tav_dm3.qwd
ff	smackdown__ff_pietro__ff__vs___E__dm3.qwd
spice	SmackDown3__game_596_THDM_PoC_2_DM3_Spice.qwd
oddjob	smackdown2__tot_para_1_dm3_oddjob.qwd
blind	SmackDown4__game_738_fa_db_2_dm3_blind.qwd
qil2	quakeworld__CHTV_FITH-USA_DM-USA_chief[FITH]_dm3_QW_4v4__qil2-vsdm-chief3.qwd
round1	smackdown__Goljat_e_vs_ff_dm3_round1.qwd
crit	smackdown2__game_242_FS_NS_3_DM3_Crit.qwd
xxx	SmackDown3__game_441_OMG_AQ_2_DM3_xxx.qwd
exile	SmackDown3__game_465_AMD_ED_1_DM3_exile.qwd
adder	smackdown__rb_fa_1_dm3_adder.qwd
pietro	smackdown2__FF_4K_1_dm3_Pietro.qwd
vana	smackdown__vana_e_vs_ff_dm3_2.qwd
glad	smackdown__amd_jod_1_dm3_glad.qwd
vovik	smackdown__amd_sas_1_dm3_vovik.qwd
rat	smackdown2__chtv-smackdown2-daltons-vs-firingsquad-dm3-2-rat.qwd
crit	SmackDown4__game_743__fs__tot_2_dm3_crit___.qwd
oddjob	quakeworld__CHTV_Tribe_of_Tjernobyl-Sweden_Various-Sweden_Various_Various_QW_4v4__4on4_tot_vs_e_dm3_oddjob.qwd
tot	smackdown__tot_oddjob_tot_vs___e__dm3_2.qwd
circle	SmackDown3__game_588_Diva_TOT_2_DM3_circle.qwd
oddjob	SmackDown3__game_433_Quad_TOT_2_DM3_oddjob.qwd
m8	quakeworld__CHTV_DBP-Europe_SK-Europe__dm3_QuakeWorld_4v4__m8.qwd
jac	SmackDown3__game_430_ED_Para_2_DM3_Jac.qwd
slabby	SmackDown3__game_440_TOT_WR_1_DM3_Slabby_voice_.qwd
slabby	quakeworld__CHTV_Tribe_of_Tjernobyl-Sweden_Various-Sweden_Various_Various_QW_4v4__4on4_tot_vs_wr_dm3_slabby.qwd
exile	smackdown2__FF_OC_1_dm3_Exile.qwd
matsui	SmackDown3__game_326_WR_QH_1_DM3_Matsui.qwd
nevamind	SmackDown4__game_726_thdm_if_1_dm3_nevamind.qwd
dag	smackdown2__FF_OC_1_dm3_Dag.qwd
rat	smackdown2__chtv-smackdown2-daltons-vs-firingsquad-dm3-rat.qwd
blind	SmackDown3__game_601_FA_List_2_DM3_blind.qwd
angels	quakeworld__CHTV_4ng3ls-Portugal_TAV-Portugal_all_dm3_QuakeWorld_4v4__11-07-03_trinca-tav-angels_dm3.qwd
luny	smackdown__z_daltons_2_dm3_luny.qwd
brutal	SmackDown3__game_466_CMF_OC_2_DM3_brutal.qwd
brutal	quakeworld__CHTV_Orkney-Sweden_Various-Sweden_Various_Various_QW_4v4__4on4_oc_vs_cmf_dm3_brutal.qwd
rst	quakeworld__CHTV_RST-Brazil_LOW-Brazil_overflow_dm3_QuakeWorld_4v4_1__rst-low-2.qwd
cmf	smackdown__pietro_cmf_dm3.qwd
hashie	smackdown2__foad_mu_1_dm3_hashie.qwd
fs	quakeworld__CHTV_Campbusters-Spain_FragShack-Ireland_Eta-Beta_dm3_QuakeWorld_4v4__Eta-bETa_[camp]_-_[fs]_4-4_dm3_.qwd
def	SmackDown3__game_579_AG_WaP_1_DM3_def.qwd
darkone	SmackDown4__game_724_list_ao_2_dm3_darkone.qwd
delta	SmackDown3__game_425_FS_CD_1_DM3_delta.qwd
band	smackdown2__amd_para_1_dm3_band.qwd
saqfacel0d	smackdown__saqfacel0d_lod_vs_fith_dm3.qwd
hangtime	smackdown2__DN_RC_1_dm3_Hangtime.qwd
ht	smackdown2__dn_v_rc-dm3_ht-_sd2_.qwd
dark	smackdown2__tdi_fe_1_dm3_dark.qwd
fifi	SmackDown4__game_750__sr__cmf_1_dm3_fifi.qwd
e3	smackdown__exile_e3_dm3-3.qwd
thechosenone	SmackDown4__game_658_z___3_dm3_thechosenone.qwd
e	smackdown2__E_vs_ns_Goljat_dm3.qwd
round5	smackdown__Goljat_e_vs__ff__dm3_round5.qwd
jerry	smackdown2__FF_OC_1_dm3_Jerry.qwd
hatti	smackdown2__oc_d_1_dm3_hatti.qwd
jerry	smackdown2__ff_tfp_1_dm3_jerry.qwd
hashie	smackdown2__foad_aok_2_dm3_hashie.qwd
roscoe	smackdown2__koff_spas_1_dm3_Roscoe.qwd
janus	smackdown2__OMG_AMD_1_dm3_Janus.qwd
ihminen	SmackDown3__game_592_TVS_Twats_1_DM3_Ihminen.qwd
hashie	smackdown2__foad_lies_1_dm3_hashie.qwd
peksi	smackdown2__game_271_E_CMF_2_DM3_Peksi.qwd
fifi	smackdown__fifi_vs_tot_dm3.qwd
ag	SmackDown3__ag_fiend_ag_vs___x__dm3_3.qwd
porto	SmackDown4__game_730_db_msr_3_dm3_porto.qwd
luny	smackdown__z_daltons_1_dm3_luny.qwd
?	smackdown__fith-vs-5-arcane-dm3__5-1.qwd
cero	smackdown__cero_pq_vs_lit_dm3.qwd
ibh	SmackDown3__game_591_OC_IBH_1_DM3_123.qwd
fu	smackdown__ibh_fu_2_dm3_123.qwd
dg	smackdown2__x_gq_dg_dm3.qwd
wart	SmackDown4__game_730_db_msr_3_dm3_wart.qwd
spice	smackdown2__fa_thdm_1_dm3_spice.qwd
gobo	smackdown__gds_adm_2_dm3_gobo.qwd
gobo	smackdown__gds_adm_1_dm3_gobo.qwd
crit	SmackDown4__game_749__fs__tvs_3_dm3_crit.qwd
pietro	SmackDown3__game_590_ED_DIE_2_DM3_pietro.qwd
pietro	quakeworld__CHTV_Enslaved-Sweden_Various-Sweden_Various_Various_QW_4v4__4on4_ed_vs_die_dm3_pietro.qwd
paradoks	SmackDown5__game_1013_sr_fs_1_dm3_paradoks.qwd
scenic	smackdown2__koff_dn_1_dm3_Scenic.qwd
vana	smackdown2__game_271_E_CMF_2_DM3_Vana.qwd
darkone	smackdown2__foad_mu_1_dm3_darkone.qwd
lb	smackdown2__list_dx_2_dm3_lb.qwd
tvs	smackdown__smackdown_semifinals_tvs_dm3.qwd
para	smackdown__smackdown_semifinals_tvs_dm3_para.qwd
cero	SmackDown3__game_341_IB_NME_1_DM3_Cero.qwd
z2	smackdown__pietro_z2_dm3.qwd
povo	smackdown2__aok_lies_1_dm3_povo.qwd
a	quakeworld__CHTV_naDaghda-Ireland_ClanAstral-Denmark_Overlord_dm3_QuakeWorld_4v4__A_nD_clanbase_Overlord.qwd
exile	SmackDown3__game_593_ED_OC_2_DM3_Exile.qwd
reverend	SmackDown3__game_593_ED_OC_2_DM3_Reverend.qwd
hatti	smackdown2__oc_tfp_1_dm3_hatti.qwd
scenic	SmackDown5__game_820_koff____1_dm3_scenic.qwd
reverend	SmackDown3__game_428_ED_DEATH_2_DM3_reverend.qwd
smid	quakeworld__CHTV_Hard_Guns_Crew-Poland_Clan_Osams-Poland_MVD_DM3_QW_4v4__smid.qwd
ace	smackdown2__RC_L_1_dm3_ace.qwd
crit	smackdown2__fs_oc_3_dm3_crit.qwd
harlsom	smackdown2__fa_dx_1_dm3_harlsom.qwd
max	quakeworld__CHTV_Akademikerna-Sweden_Warriors_of_the_Realm-Sweden_Max_Rebo_DM3_QW_4v4__4on4_aa_vs_wr_dm3_max.qwd
crit	SmackDown3__game_510_FS_HPR_2_DM3_crit.qwd
fff	smackdown2__chtv-dg_coj_dg_vs_fff_dm3.qwd
angels	quakeworld__CHTV_4ng3ls-Portugal_TAV-Portugal_all_dm3_QuakeWorld_4v4__11-07-03_xai-tav-angels_dm3.qwd
exile	SmackDown3__game_428_ED_DEATH_2_DM3_exile.qwd
cmf	smackdown__exile_cmf_dm3.qwd
def	smackdown2__AG_[vs]_XX2__dm3__def.qwd
mirage	SmackDown4__game_749__fs__tvs_3_dm3_mirage.qwd
blasu	SmackDown3__game_468_PNC_DS_2_DM3_blasu.qwd
dark	quakeworld__CHTV_Caps_Lock-Sweden_Various-Sweden_Various_Various_QW_4v4__4on4_caps_vs_z_dm3_dark.qwd
ag	smackdown__ag-vs-xx-thrope-dm3.qwd
wart	SmackDown4__game_721_msr_gs_1_dm3_wart.qwd
crit	smackdown2__crit__fs__vs_tfp_dm3.qwd
rc	smackdown2__OMG_RC_2_dm3_.qwd
janus	smackdown2__OMG_RC_2_dm3_Janus.qwd
zr	quakeworld__CHTV_FiringSquad-Europe_Zetor-Europe_reppie_dm3_QuakeWorld_4v4__reppie-fs-zr-dm3.qwd
crit	smackdown2__crit__fs__vs_wxo_dm3.qwd
hixen	smackdown__e-cmf_1_dm3_hixen.qwd
spice	smackdown__fa_adm_1_dm3_spice.qwd
crit	SmackDown3__game_597__L__FS_3_DM3_crit.qwd
hashie	smackdown2__foad_rb_1_dm3_hashie.qwd
eraser	SmackDown3__game_407_antx_DS_2_DM3_eraser.qwd
exile	SmackDown3__game_472_tFf_ED_1_DM3_exile.qwd
blaze	smackdown2__TVS_RC_2_dm3_Blaze.qwd
dag	smackdown__ff_4x_1_dm3_dag.qwd
brutal	SmackDown3__game_466_CMF_OC_1_DM3_brutal.qwd
e3	smackdown__exile_e3_dm3-1.qwd
hpr	quakeworld__CHTV_FS-Netherlands_hpr-Germany_razor_dm3_QuakeWorld_4v4__razor[[fs]]-[hpr]_4-4_dm3_.qwd
hpr	quakeworld__CHTV_FiringSquad-Europe_HyvatPahatjaRumat-Finland_Razor_dm3_QuakeWorld_4v4__razor[[fs]]-[hpr]_4-4_dm3_.qwd
exile	SmackDown3__game_558_ED_WR_1_DM3_exile.qwd
swe	smackdown__l_hf_dm3_swe.qwd
mrgib	smackdown__c_d_1_dm3_mrgib.qwd
beasil	SmackDown4__game_719_fa_gs_1_dm3_beasil.qwd
porto	SmackDown4__game_721_msr_gs_1_dm3_porto.qwd
miser	SmackDown4__game_747_koff__sr__2_dm3_miser.qwd
darkone	smackdown2__foad_azul_1_dm3_darkone.qwd
jac	SmackDown3__game_457_WR_Para_2_DM3_jac.qwd
darkone	smackdown2__foad_lies_1_dm3_darkone.qwd
round4	smackdown__Goljat_e_vs_ff_dm3_round4.qwd
exile	SmackDown4__game_745_fu__l__1_dm3_exile.qwd
ziploc	smackdown2__GQ_DG_1_dm3_ziploc.qwd
lice	SmackDown3__game_517_4K_Twats_1_DM3_liCE.qwd
e3	smackdown__exile_e3_dm3-2.qwd
dyn	SmackDown4__game_674_4k_fe_1_dm3_dyn.qwd
fifi	SmackDown3__game_429_CMF_PNC_1_DM3_Fifi.qwd
blaze	SmackDown3__game_599_CMF_TVS_2_DM3_Blaze.qwd
gator	SmackDown3__game_577_[x]_DAG_1_DM3_gator.qwd
blind	smackdown__lkdn_ttr_1_dm3_blind.qwd
lb	smackdown2__list_poc_1_dm3_lb.qwd
hew	quakeworld__CHTV_Dunno-Sweden_Various-Sweden_Various_Various_QW_4v4__4on4_d_vs_hf_dm3_hew.qwd
necro	smackdown2__rb_aok_2_dm3_necro.qwd
goljat	smackdown2__game_271_E_CMF_2_DM3_Goljat.qwd
st	smackdown2__chtv-exoduz-rb-vs-st-dm3.qwd
sd3	SmackDown3__sd3_bb_x_vs_ag_dm3.qwd
driz	SmackDown3__game_606_THDM_FA_4_DM3_driz.qwd
smackdowngame1	smackdown__fith_vs_5_dm3_het__smackdowngame1.qwd
fuman	smackdown2__chtv-smackdown2-ag-vs-5-fuman-dm3.qwd
janus	smackdown2__omg_goh_1_dm3_Janus.qwd
janus	smackdown2__E_omg_1_dm3_Janus.qwd
vert	smackdown2__cmf_ns_1_dm3_vert.qwd
akbal	SmackDown4__game_721_msr_gs_1_dm3_akbal.qwd
peksi	smackdown2__cmf_adt2_1_dm3_Peksi.qwd
pietro	smackdown2__FF_4K_2_dm3_Pietro.qwd
spice	smackdown__rb_fa_1_dm3_spice.qwd
reppie	SmackDown3__game_502_4K_FS_1_DM3_reppie_.qwd
mirage	SmackDown3__game_599_CMF_TVS_2_DM3_Mirage.qwd
driz	SmackDown3__game_563_THDM_FOAD_1_DM3_driz.qwd
sd2	smackdown2__Janus_omg_vs_tot_dm3_sd2_7feb01.qwd
fs	smackdown2__fs_vs_d_dm3_1.qwd
exile	SmackDown3__game_558_ED_WR_2_DM3_exile.qwd
blaze	smackdown2__game_260___1_DM3_Blaze.qwd
vana	smackdown2__vana_e_vs_para_dm3.qwd
driz	SmackDown5__game_1020_thdm_fa_1_dm3_driz.qwd
crit	SmackDown5__game_901_cb_fs_1_dm3_crit.qwd
blaze	SmackDown3__game_471_TVS_WR_1_DM3_blAze.qwd
blind	SmackDown3__game_535_FA_Dx_1_DM3_blind.qwd
vana	smackdown__vana_e_vs_ff_dm3_1.qwd
e	smackdown2__E_vs_L_Goljat_dm3.qwd
cg	smackdown2__clown_xx_cg_dm3.qwd
juz	SmackDown3__game_606_THDM_FA_4_DM3_juz.qwd
sibbit	quakeworld__CHTV_Tribe_of_Tjernobyl-Sweden_Various-Sweden_Various_Various_QW_4v4__4on4_tot_vs_e_dm3_sibbit.qwd
tot	smackdown__tot_capcop_tot_vs_cmf_dm3.qwd
murdock	smackdown__murdock_vs_code_dm3.qwd
goldens	paradoks__goldens_e_vs_4x_dm3.qwd
rippie	SmackDown5__game_901_cb_fs_1_dm3_rippie.qwd
glad	smackdown__amd_adt_2_dm3_glad.qwd
psycho	smackdown2__ToT_AMD_1_dm3_Psycho_Dad.qwd
barre	quakeworld__CHTV_In_Bloom-Sweden_Various-Sweden_Various_Various_QW_4v4__4on4_ib_vs_diva_dm3_barre.qwd
angels	quakeworld__CHTV_4ng3ls-Portugal_TAV-Portugal_all_dm3_QuakeWorld_4v4__11-07-03_saddam-tav-angels_dm3.qwd
povohat	SmackDown5__game_1021_otas_dx_1_dm3_povohat.qwd
fs	quakeworld__CHTV_Firing_Squad-Netherlands_Earthquake-Netherlands_razor_dm3_QuakeWorld_4v4__fs-eq-razor.qwd
akke	smackdown2__59_akke_dm3.qwd
rags	smackdown2__dn_v_wfb-dm3_rags-_sd2_.qwd
nevamind	SmackDown3__game_562_THDM_MaC_1_DM3_Nevamind.qwd
porto	SmackDown4__game_718_sa_msr_2_dm3_porto.qwd
reign	smackdown2__foad_rb_1_dm3_reign.qwd
cmf	smackdown__akke_cmf_dm3.qwd
akke	smackdown2__64_akke_dm3.qwd
3x3	quakeworld__CHTV_Die-Brazil_Die2-Brazil_Die-Karioka_Dm3_QuakeWorld_3v3__die_karioka_[yell]_-_[blue]_3x3_dm3_.qwd
janus	smackdown2__OMG_HF_1_dm3_Janus.qwd
dag	smackdown2__ff_tfp_1_dm3_dag.qwd
aero	smackdown__nc_sf_dm3_1_aero.qwd
mrgib	smackdown__c_d_2_dm3_mrgib.qwd
dn	smackdown__ibh_dn_1_dm3_123.qwd
spice	SmackDown3__game_562_THDM_MaC_1_DM3_Spice_POV.qwd
jarrex	SmackDown3__game_441_OMG_AQ_2_DM3_JArreX.qwd
harlsom	smackdown__fa_ao_1_dm3_harlsom.qwd
e	paradoks__e_vs_code_dm3.qwd
nevamind	SmackDown3__game_606_THDM_FA_4_DM3_nevamind.qwd
nalle	smackdown2__E_omg_1_dm3_Nalle.qwd
mrgib	smackdown__cute_cleaners_1_dm3_mrgib.qwd
e3	smackdown__akke_e3_dm3-1.qwd
reppie	SmackDown5__game_919_ted_fs_1_dm3_reppie.qwd
zommy	smackdown2__4k_dsg_2_dm3_zommy.qwd
interceptor	smackdown2__foad_aok_2_dm3_interceptor.qwd
nepra	smackdown2__HF_FU_1_dm3_Nepra.qwd
paradoks	smackdown__paradoks_e_vs_ibh_dm3.qwd
milamber	smackdown2__rc_koff_1_dm3_Milamber.qwd
fs	smackdown2__fs_vs_d_dm3_2.qwd
fs	smackdown2___fs__crit__fs__vs__d_dm3.qwd
akke	SmackDown3__game_591_OC_IBH_1_DM3_aKKe.qwd
akke	quakeworld__CHTV_Orkney-Sweden_Various-Sweden_Various_Various_QW_4v4__4on4_oc_vs_ibh_dm3_akke.qwd
xalibur	SmackDown3__game_600_Diva_]SR[_3_DM3_Xalibur.qwd
uig	SmackDown3__game_349_Quad_CRC_2_DM3_uig.qwd
sibbit	quakeworld__CHTV_Tribe_of_Tjernobyl-Sweden_Various-Sweden_Various_Various_QW_4v4__4on4_tot_vs_tvs_dm3_sibbit.qwd
aero	smackdown__nc_sf_dm3_2_aero.qwd
e	paradoks__e_vs_bad_dm3.qwd
shad	smackdown2__ic_list_1_dm3_shad.qwd
akke	smackdown2__ff_tfp_1_dm3_akke.qwd
ag	smackdown2__chtv-smackdown2-ag_terror_ag_vs_5_dm3.qwd
akke	smackdown2__60_akke_dm3.qwd
driz	SmackDown5__game_1024_thdm_list_1_dm3_driz.qwd
janus	smackdown2__CMF_OMG_1_dm3_Janus.qwd
spice	smackdown__fa_list_1_dm3_spice.qwd
sd3	SmackDown3__sd3_cano_x_vs_ag_dm3.qwd
darkone	smackdown2__foad_aok_2_dm3_darkone.qwd
nevamind	SmackDown3__game_596_THDM_PoC_2_DM3_Nevamind.qwd
povo	smackdown2__azul_aok_1_dm3_povo.qwd
sandyman	SmackDown3__game_325_SAD_IK_2_DM3_sANDYMAn.qwd
ana	smackdown2__para_omg_1_dm3_ana.qwd
exile	smackdown__ff_ibh_1_dm3_1_exile.qwd
max	smackdown2__oc_tfp_1_dm3_max.qwd
amu	smackdown__cmf_cute_1_dm3_amu.qwd
ritual	smackdown2__fs_wxo_2_dm3_ritual.qwd
wxo	smackdown2__ritual-wxo-dm3.qwd
space	SmackDown4__game_746_hf_la_1_dm3_space.qwd
janus	SmackDown3__game_589_OMG__L__1_DM3_Janus.qwd
kwijibo	SmackDown3__game_536_MaC_PoC_1_DM3_Kwijibo.qwd
goljat	SmackDown4__game_690_wr__sr__1_dm3_goljat.qwd
smackdown	smackdown__e_cmf_dm3_smackdown.qwd
abc	SmackDown5__game_786_gs_d_1_dm3_abc.qwd
mqb	quakeworld__CHTV_29th-Sweden_mqb-France_belth_dm3_QuakeWorld_4v4__bELTh_[[sc]]_-_[mqb]_4-4_dm3_.qwd
4on4	quakeworld__CHTV_FraggersUnited-Finland_FourKings-UK_fragunit-rust_dm3_QuakeWorld_4v4_NQR__4on4_fragunit-rust_[-fu-]_vs_[4k]_dm3__02-9-24_.qwd
sd3	SmackDown3__sd3_clown_x_vs_ag_dm3.qwd
wart	SmackDown4__game_718_SA_msr_2_DM3_Wart.qwd
harlsom	smackdown2__fa_ic_2_dm3_harlsom.qwd
neva	SmackDown3__game_563_THDM_FOAD_1_DM3_neva.qwd
crit	SmackDown4__game_743__fs__tot_1_dm3_crit___.qwd
rc	smackdown__tvs_rc_dm3.qwd
impulse	quakeworld__CHTV_Tribe_of_Tjernobyl-Sweden_Various-Sweden_Various_Various_QW_4v4__4on4_tot_vs_koff_dm3_impulse.qwd
impulse	smackdown2__game_239_TOT_KOFF_1_DM3_Impulse.qwd
babyroo	smackdown__l_tfp_2_dm3_babyroo.qwd
akke	SmackDown3__game_446_OC_OMG_1_DM3_akke.qwd
akke	quakeworld__CHTV_Orkney-Sweden_Various-Sweden_Various_Various_QW_4v4__4on4_oc_vs_omg_dm3_akke.qwd
baby	SmackDown3__game_589_OMG__L__1_DM3_baby_roo.qwd
povo	smackdown2__aok_mu_1_dm3_povo.qwd
milamber	smackdown2__rc_spas_1_dm3_milamber.qwd
buggy	SmackDown3__game_443_DS_OD_1_DM3_buggy.qwd
fifi	smackdown__cmf_bad_2_dm3_fifi.qwd
slabby	smackdown2__tot_omg_2_dm3_slabby.qwd
juz	SmackDown3__game_596_THDM_PoC_2_DM3_Juz.qwd
akbal	SmackDown4__game_730_db_msr_3_dm3_akbal.qwd
spice	SmackDown3__game_606_THDM_FA_4_DM3_spice.qwd
anm	smackdown2__game_265_AnM_FULL_2_DM3_AnM-Yronman.qwd
paradoks	SmackDown3__game_600_Diva_]SR[_3_DM3_Paradoks.qwd
thechosenone	smackdown2__E_omg_1_dm3_TheChosenOne.qwd
pricide	smackdown2__azul_lies_1_dm3_pricide.qwd
nalle	smackdown2__OMG_RC_2_dm3_Nalle.qwd
para	smackdown__para_smackdown_finals_vs_ff_dm3_2.qwd
skitz	smackdown2__aok_mu_1_dm3_skitz.qwd
reverend	smackdown__orb_pq_1_dm3_reverend.qwd
effie	SmackDown3__game_597__L__FS_3_DM3_effie.qwd
dude	smackdown2__ic_dx_1_dm3_dude.qwd
daver	quakeworld__CHTV_Spartacus-Sweden_Various-Sweden_Various_Various_QW_4v4__4on4__s__vs_cute_dm3_daver.qwd
mixat	quakeworld__CHTV_mix-Cyprus_mix-Cyprus_vreten_dm3_QuakeWorld_4v4__mixat.qwd
for2	smackdown2__for2_d_vs_fe_dm3.qwd
forsberg	SmackDown3__game_451_Quad_ED_1_DM3_Forsberg.qwd
paradoks	SmackDown3__game_359_Koff_]SR[_1_DM3_ParadokS.qwd
vert	smackdown2__cmf_plg_1_dm3_vert.qwd
tyrone	quakeworld__CHTV_Maniacs-Sweden_WH-Sweden_tyrone_dm3_QuakeWorld_4v4__4v4_wh_[vs]_[0]__dm3__tyrone.qwd
para	smackdown__para_smackdown_finals_vs_ff_dm3_3.qwd
dg	smackdown2___dg_saturn__dg__vs_gq_dm3_2.qwd
miyagi	smackdown2__list_dx_2_dm3_miyagi.qwd
harlsom	smackdown2__fa_poc_1_dm3_harlsom.qwd
i	SmackDown3__game_565_Dx_List_2_DM3_i_have_a_cat_named_cece.qwd
daver	quakeworld__CHTV_Spartacus-Sweden_Various-Sweden_Various_Various_QW_4v4__4on4__s__vs_z_dm3_daver.qwd
darkone	SmackDown3__game_559_FOAD_PoC_1_DM3_darkone.qwd
wart	smackdown2__azul_aok_1_dm3_wart.qwd
angels	quakeworld__CHTV_4ng3ls-Portugal_TAV-Portugal_all_dm3_QuakeWorld_4v4__11-07-03_soul-tav-angels_dm3.qwd
spice	quakeworld__CHTV_Nine-Sweden_Various-Sweden_Various_Various_QW_4v4__4on4_9_vs_e_dm3_spice.qwd
fs	smackdown2___fs__crit__fs__vs__d_dm3_2.qwd
jac	smackdown__rb_gds_1_dm3_jac.qwd
haze	smackdown__sah-vs-ag-dm3-haze.qwd
dedi	smackdown__z_nc_1_dm3_dedi.qwd
dana	smackdown__dx_ho_1_dm3_dana.qwd
czm	SmackDown3__game_538_WaP_OZ_2_DM3_czm.qwd
rat	smackdown2__D_Icem_2_dm3_Rat.qwd
psycho	smackdown2__tot_para_1_dm3_psycho_dad.qwd
zodiax	quakeworld__CHTV_Medievel_Spawns-Sweden_Various-Sweden_Various_Various_QW_4v4__4on4_mvs_vs_np!_dm3_zodiax.qwd
dare	smackdown2__CMF_ADT2_1_dm3_Dare.qwd
driz	smackdown2__thdm_list_1_dm3_driz.qwd
dude	smackdown2__ic_poc_1_dm3_dude.qwd
vert	smackdown2__cmf_plg_2_dm3_vert.qwd
doomer	quakeworld__CHTV_Teddybears-Sweden_Various-Sweden_Various_Various_QW_4v4__4on4_tb_vs_e_dm3_doomer.qwd
stez	smackdown2__ic_poc_1_dm3_Stez.qwd
na	smackdown__na-sd-final-ag-vs-lod-haze-dm3.qwd
pd	smackdown2__list_poc_1_dm3_pd.qwd
nikita	quakeworld__CHTV_Spartacus-Sweden_Various-Sweden_Various_Various_QW_4v4__4on4__s__vs_tot_dm3_nikita.qwd
tr0n	smackdown__tr0n_______l0d__lod_vs_5_dm3.qwd
gds	smackdown___GDS__SEER_gds_vs_adm_dm3.qwd
ag	smackdown__ag-vs-sah-skitter-dm3.qwd
greyfuckenseea	smackdown__GreyFuckenSeea_gds_vs_adm_dm3.qwd
aircon	smackdown2__list_dx_2_dm3_aircon.qwd
laker	quakeworld__CHTV_Swedish_Chefs-Sweden_Varius-Sweden_Lakerman_Various_QW_4v4__4on4_chefs_vs_tpc_dm3_laker.qwd
snakes	smackdown__ag-vs-fith-dm3-2-snakes.qwd
pace	SmackDown3__game_536_MaC_PoC_1_DM3_Pace.qwd
tav	quakeworld__CHTV_RoT-Portugal_TAV-Portugal_all_dm3_QuakeWorld_4v4__27-06-03_ztranger-rot-tav_dm3.qwd
reppie	SmackDown4__game_650__fs__jams_1_dm3_reppie.qwd
laker	quakeworld__CHTV_Swedish_Chefs-Sweden_Varius-Sweden_Lakerman_Various_QW_4v4__4on4_sc_vs_sk_dm3_laker.qwd
sk	laker__sc-sk-dm3__sc-sk-dm3.qwd
jarrex	smackdown2__NS_BAD_3_dm3_Jarrex.qwd
laker	quakeworld__CHTV_Swedish_Chefs-Sweden_Varius-Sweden_Lakerman_Various_QW_4v4__4on4_sc_vs_mvs_dm3_laker.qwd
kang	SmackDown3__game_395_antx_TAV_1_DM3_KaNG.qwd
nalle	smackdown2__OMG_HF_1_dm3_Nalle.qwd
snakes	smackdown__ag-vs-fith-dm3-1-snakes.qwd
pace	SmackDown3__game_562_THDM_MaC_1_DM3_Pace.qwd
tr0n	smackdown__tr0n__L0D__lod_vs_sah_dm3.qwd
dare	smackdown__cmf_vs_quad_1_dm3_dare.qwd
na	smackdown__na-sd-final-ag-vs-lod-snakes-dm3.qwd
4on4	quakeworld__CHTV_The_Pooh_Clan-Europe_Swedish_Chefs-Europe__DM3_QW_4v4__4on4_tpc_vs_sc[dm3].qwd
tiggr	quakeworld__CHTV_The_Pooh_Clan-Sweden_Various-Sweden_Various_Various_QW_4v4__4on4_tpc_vs_sc_dm3_tiggr.qwd
fc	smackdown2__game_263_LoW_FULL_2_DM3_FC-Tiger.qwd
intense	smackdown2__dg-vs-gq-dm3-intense.qwd
4ng3ls	quakeworld__CHTV_DvL-Portugal_4ng3ls-Portugal_all_dm3_QuakeWorld_4v4__26-06-03_padfoot-dvl-4ng3ls__dm3.qwd
effie	SmackDown3__game_589_OMG__L__1_DM3_Effie.qwd
uther	smackdown__gds_adm_2_dm3_uther.qwd
arcane	smackdown__sah-vs-fith-dm3-arcane.qwd
torx	smackdown2__game_258_ANTX_defs_4_DM3_torX.qwd
uther	smackdown__gds_adm_1_dm3_uther.qwd
sk	quakeworld2__sk_vs_187_dm3__sk_vs_187_dm3.qwd
fc	smackdown2__game_263_LoW_FULL_1_DM3_FC-Tiger.qwd
orion	smackdown2__thdm_foad_2_dm3_orion.qwd
jac	SmackDown3__game_475_Quad_Para_1_DM3_Jac.qwd
orion	smackdown2__foad_mu_1_dm3_orion.qwd
pd	smackdown__list_adm_1_dm3_pd.qwd
von	quakeworld__CHTV_Dunno-Sweden_Various-Sweden_Various_Various_QW_4v4__4on4_d_vs_fu_dm3_von.qwd
ronnie	quakeworld__CHTV_Brutal_Deluxe-Sweden_Various-Sweden_Various_Various_QW_4v4__4on4_bd_vs_wr_dm3_ronnie.qwd
bm	smackdown2__azul_lies_1_dm3_bm.qwd
bm	smackdown__ttr_cyke_1_dm3_bm.qwd
cleansweep	smackdown2__CG_EG_1_dm3_cleansweep.qwd
para	quakeworld__CHTV_Nine-Sweden_Various-Sweden_Various_Various_QW_4v4__4on4_9_vs_uk_dm3_para.qwd
mamba	smackdown__aw_tdi_3_dm3_mamba.qwd
vana	smackdown__vana_e_vs_ff_dm3_3__vana_e_vs_ff_dm3.qwd
arnie	smackdown__list_adm_1_dm3_arnie.qwd
tco	smackdown2__omf_fu_1_dm3_tco.qwd
arnie	smackdown__d2d_list_1_dm3_arnie.qwd
ea	quakeworld2__ea_vs_ocr_dm3__ea_vs_ocr_dm3.qwd
tyrone	quakeworld__CHTV_mix-Europe_mix-Europe_tyrone_dm3_QuakeWorld_4v4__4v4_1_[vs]_4k_dm3_tyrone.qwd
melt	smackdown2__fa_thdm_1_dm3_melt.qwd
necro	smackdown__rb_adm_1_dm3_necro.qwd
necro	smackdown__rb_fa_1_dm3_necro.qwd
lhuk	SmackDown3__game_398_defs_-sl-_1_DM3_lhuk.qwd
zip	smackdown2__game_258_ANTX_defs_4_DM3_Zip.qwd
e	paradoks__e_vs_tdi_dm3.qwd
carnage	smackdown2__st_5_1_dm3_carnage.qwd
sk	quakeworld2__sk_vs_nine_dm3__sk_vs_nine_dm3.qwd
necrophobia	quakeworld__CHTV_rpickup-Brazil_rpickup-Brazil_Necrophobia_dm3_QW_4v4__necrophobia_-_[4on4_blue_vs_red]_-_[dm3]_000.qwd
syco	smackdown__fa_list_1_dm3_syco.qwd
liech	quakeworld__CHTV_Warriors_of_the_Realm-Sweden_Various-Sweden_Various_Various_QW_4v4__4on4_wr_vs_doom_dm3_liech.qwd
rb	smackdown2__chtv-carnage-st-vs-rb-dm3.qwd
fight1	quakeworld__CHTV_WR-Sweden_Oss-Sweden_Triplesix_dm3_e3m6_QW_CTF__fight1.qwd
fight4	quakeworld__CHTV_WR-Sweden_Oss-Sweden_Triplesix_dm3_e3m6_QW_CTF__fight4.qwd
fight2	quakeworld__CHTV_WR-Sweden_Oss-Sweden_Triplesix_dm3_e3m6_QW_CTF__fight2.qwd
cop	quakeworld__CHTV_CoP-Sweden_ACE-Sweden_Triplesix_dm3_e2m5_QW_CTF__CoP_ACE4.qwd
cop	quakeworld__CHTV_CoP-Sweden_ACE-Sweden_Triplesix_dm3_e2m5_QW_CTF__CoP_ACE2.qwd
cop	quakeworld__CHTV_CoP-Sweden_ACE-Sweden_Triplesix_dm3_e2m5_QW_CTF__CoP_ACE1.qwd
wart	smackdown__gds_adm_2_dm3_wart.qwd
wart	smackdown__gds_adm_1_dm3_wart.qwd
wart	smackdown__fa_adm_1_dm3_wart.qwd
wart	smackdown__rb_adm_1_dm3_wart.qwd
wart	smackdown__list_adm_1_dm3_wart.qwd
syco	smackdown__d2d_list_1_dm3_syco.qwd
vana	smackdown__vana_e_vs_ff_dm3_3__vana_e_vs_ff_dm3_12.qwd
?	quakeworld__CHTV_CONSTAFA-Netherlands_OTHERS-Netherlands_CONSTAFA_DIVERS_Quakeworld_Classic__dm3.qwd
trick	quakeworld__CHTV_kimbo-Sweden_none-None_kimbo_dm3_QuakeWorld_Trick__trick.qwd
pentandwater	quakeworld__CHTV__r_chris-USA_skill200frogbot-Australia__r_chris_dm3_QWCA_Domination__pentandwater.qwd
trick	quakeworld__CHTV_CAMP-Sweden_NONE-None_ETA-BETA_DM3_QuakeWorld_Trick__dm3_trick.qwd
fight3	quakeworld__CHTV_WR-Sweden_Oss-Sweden_Triplesix_dm3_e3m6_QW_CTF__fight3.qwd
across	quakeworld__CHTV_phil-USA_noone-USA_phil_dm3_QWCA_Trick__across.qwd
jogada	quakeworld__CHTV_thief-Brazil_pd-Brazil_thief_dm3_QuakeWorld_Comedy__jogada_pent.qwd
slayer	quakeworld__CHTV_---slayer-None_trick-None_124_fov_-_first_person_dm3_QW_Trick__slayer.qwd
trick1	quakeworld__CHTV_Newtov-USA_Trick-USA_Newtov_DM3_QuakeWorld_Trick__trick1.qwd
frag	quakeworld__CHTV_bw-Brazil_the_other_team-Brazil_bw_dm3_dm6_QWCA_HowTo__ca-frag-1.qwd
acrossz	quakeworld__CHTV_fm-phil-USA_trickdemo-USA_fm-phil_DM3_QuakeWorld_Trick__acrossZ.qwd
joi	quakeworld__CHTV_joi-Sweden_none-_joi_dm3_QuakeWorld_Trick__joi.qwd
peppe	quakeworld__CHTV_peppe-Sweden_NA-Scotland_peppe_dm3_dm6_Quakeworld_Trick__peppe-dm6run.qwd
peppe	quakeworld__CHTV_peppe-Sweden_NA-Scotland_peppe_dm3_dm6_Quakeworld_Trick__peppe-dm3run.qwd
cool3	quakeworld__CHTV_BogoJoker-USA_none-USA_BogoJoker_various_QuakeWorld_Trick__dm3-cool3.qwd
frag	quakeworld__CHTV_bw-Brazil_the_other_team-Brazil_bw_dm3_dm6_QWCA_HowTo__ca-frag-2.qwd
raremix3	quakeworld__CHTV_BogoJoker-USA_KovaakSassaSniperZef-USA_me_various_QuakeWorld_Trick__dm3_raremix3.qwd
raremix	quakeworld__CHTV_BogoJoker-USA_KovaakSassaSniperZef-USA_me_various_QuakeWorld_Trick__dm3_raremix.qwd
trick2	quakeworld__CHTV_Newtov-USA_Trick-USA_Newtov_DM3_QuakeWorld_Trick__trick2.qwd
trick4	quakeworld__CHTV_Newtov-USA_Trick-USA_Newtov_DM3_QuakeWorld_Trick__trick4.qwd
remix	quakeworld__CHTV_BogoJoker-USA_none-USA_BogoJoker_various_QuakeWorld_Trick__dm3-remix.qwd
cool2	quakeworld__CHTV_BogoJoker-USA_none-USA_BogoJoker_various_QuakeWorld_Trick__dm3-cool2.qwd
trick	quakeworld__CHTV_the-interceptor-Sweden_trick-_the-interceptor_various_QuakeWorld_Trick__dm3-trick-02.qwd
pulorlz	quakeworld__CHTV_Seco-Brazil_-__Dm3_QuakeWorld_Trick__pulorlz.qwd
trick5	quakeworld__CHTV_Newtov-USA_None-None_Newtov_Various_QuakeWorld_Trick__DM3_trick5.qwd
trick1	quakeworld__CHTV_ApoKaLypZe-Sweden_various-Argentina_ApoKaLypZe_various_QuakeWorld_Trick__dm3-trick1.qwd
jss	quakeworld__CHTV_JSS-Russia_None-Russia_JSS_Trick_pack_QW_Trick__JSS_[dm3]_3.qwd
raremix2	quakeworld__CHTV_BogoJoker-USA_KovaakSassaSniperZef-USA_me_various_QuakeWorld_Trick__dm3_raremix2.qwd
dm3pentnailclimb	quakeworld__CHTV_unnamed-None_none-None_unnamed_dm3_QuakeWorld_Trick__dm3pentnailclimb.qwd
