demo	player	tier	split	trained_frames	raw_frames	paired_cov	peak_hspeed	p50_hspeed	source_sha256
quakeworld__CHTV_DvL-Portugal_4ng3ls-Portugal_all_dm3_QuakeWorld_4v4__26-06-03_insane-dvl-4ng3ls__dm3.qwd	4ng3ls	C	train	10398	93674	0.627	1089.0	327.1	a62d1f8aa0d84f21ed0736842ea0edb460963cd7932c5615638668e89b99845e
quakeworld__CHTV_DvL-Portugal_4ng3ls-Portugal_all_dm3_QuakeWorld_4v4__26-06-03_padfoot-dvl-4ng3ls__dm3.qwd	4ng3ls	C	train	5562	77366	0.54	1132.5	327.7	070bcd2b55a30da74ac3d7444a1f0a83d2c46c7c03faeaa64b473c505c982497
quakeworld__CHTV_Firing_Squad-Europe_Koff_mix-Europe_blixem_dm3_QW_4v4__4on4_[fs]_vs_koff_dm3_24-11-04_000.qwd	4on4	B	train	43547	92269	0.862	1369.9	319.3	4699b98f4f91733cfbb5695044583a343c668504df855f97dc70afcaf620f6cf
quakeworld__CHTV_FraggersUnited-Finland_FourKings-UK_fragunit-rust_dm3_QuakeWorld_4v4_NQR__4on4_fragunit-rust_[-fu-]_vs_[4k]_dm3__02-9-24_.qwd	4on4	A	train	25384	86389	0.969	1225.1	317.3	81f64e6cf35d7942fba2c5b866fc049e06ef5a65a46258f0f58ecf3be979067a
smackdown__fith-vs-5-arcane-dm3__5-1.qwd	?	C	train	15677	87731	0.399	1159.6	258.0	b3cb7eb0504ef026296d63de5f0719369f67e2aaf013590be6f048092bf89743
quakeworld__CHTV_naDaghda-Ireland_ClanAstral-Denmark_Overlord_dm3_QuakeWorld_4v4__A_nD_clanbase_Overlord.qwd	a	B	train	13084	87483	0.85	1245.0	319.9	fe9cab4491124b1df75fe3bcab65a6246771dd67d92420ff82fde5b313ae7927
SmackDown5__game_786_gs_d_1_dm3_abc.qwd	abc	B	train	23489	86398	0.767	1109.6	323.0	3a2138dbbde44c252d89e54a7e58ed3b1ae40b97c7646fbc913873069488fd33
smackdown2__RC_L_1_dm3_ace.qwd	ace	B	train	8716	87362	0.823	1511.6	318.6	d5735eadb3c2c26729f4f795b08c862dee3543ddea9892e528a9d01262ed6d9f
quakeworld__CHTV_phil-USA_noone-USA_phil_dm3_QWCA_Trick__across.qwd	across	B	train	176	3233	0.895	665.6	483.7	b37375955e7d93798bd90f5849f65f886f6298289d4b4a559d04fc13b459419a
quakeworld__CHTV_fm-phil-USA_trickdemo-USA_fm-phil_DM3_QuakeWorld_Trick__acrossZ.qwd	acrossz	C	train	218	1493	0.688	621.7	459.0	df0b3aebf4af1db6113b19f436b9ad1deec383303bc87cd5c99ce48ef1801b50
smackdown__rb_fa_1_dm3_adder.qwd	adder	B	train	16196	89595	0.724	1866.1	282.5	0fb8ee96781becd5c538355654d72fe95e63d8b6731ce8ac903180b343944d6f
smackdown__nc_sf_dm3_1_aero.qwd	aero	C	train	6801	86723	0.579	976.4	328.0	3f5508c889ad33fb43a370cf16f7fff0ae2d915be4f94001d1e82d5461ead4d3
smackdown__nc_sf_dm3_2_aero.qwd	aero	C	train	7399	86552	0.556	860.8	321.2	cfc35e4d1919b3e8b472084079590f493694bf1d0f7b24f56bfe63e3d2313425
SmackDown3__ag_fiend_ag_vs___x__dm3_3.qwd	ag	B	train	11564	87797	0.72	944.3	221.9	1f85bcbd881543c6127e6a01db6d4d824ed3426ca2994326f9270c7dc89951d8
smackdown2__chtv-smackdown2-ag_terror_ag_vs_5_dm3.qwd	ag	A	train	8749	86542	0.964	824.2	276.8	67abbc686c69865c4201646dfb89e7aaf3358a980a564e58e00b36758ba0a10d
smackdown__ag-vs-sah-skitter-dm3.qwd	ag	C	train	12597	82605	0.552	1362.0	290.3	cc52ea254f2606e28c18f10795fc978e13924b28ef3f4b5d6e0f2ea163395be2
smackdown__ag-vs-xx-daw-dm3.qwd	ag	C	train	10675	100646	0.592	974.6	324.8	11fe82af2ffcd39ab0b47d559323a54bcc83a8ef490502abe5e3d0e345711e7c
smackdown__ag-vs-xx-thrope-dm3.qwd	ag	C	train	9516	87295	0.585	966.6	329.5	b9ab67d10f6b0e12de4107b51fff56952ab8248625f369cdcb206c11d97616db
SmackDown3__game_537_List_LOK_2_DM3_aircon.qwd	aircon	C	train	9630	95578	0.594	943.9	323.3	c4a7d91fe861951a0b140ddb3c8a73d03c01065ff4119228babc9d9e95ea6af4
smackdown2__thdm_list_1_dm3_aircon.qwd	aircon	C	train	17948	122416	0.625	1280.8	319.5	f8be33d8ca0e724e6ac7f4a6df0e0711358a4ee084cbf3b462254bfcbc7a34b1
SmackDown4__game_721_msr_gs_1_dm3_akbal.qwd	akbal	B	train	8957	86980	0.726	1007.2	319.4	2d7b5bc62613d4b71f6f4551d9347ac9af43b891485667eba85baecab233d0de
SmackDown4__game_730_db_msr_3_dm3_akbal.qwd	akbal	B	train	6911	86148	0.763	1316.0	314.8	da47637a5cf6d09db452d7a7f71bc0b947fff0713a6ecdf09a6b4ba2a82efd04
SmackDown3__game_591_OC_IBH_1_DM3_aKKe.qwd	akke	B	train	5914	86582	0.882	997.3	329.7	ca9dcf0d6eb18f6a77f7676b5175d4c7b8ec4191500fa782a1f76a21f844c79a
quakeworld__CHTV_Orkney-Sweden_Various-Sweden_Various_Various_QW_4v4__4on4_oc_vs_ibh_dm3_akke.qwd	akke	B	train	5914	86582	0.882	997.3	329.7	ca9dcf0d6eb18f6a77f7676b5175d4c7b8ec4191500fa782a1f76a21f844c79a
quakeworld__CHTV_Orkney-Sweden_Various-Sweden_Various_Various_QW_4v4__4on4_oc_vs_omg_dm3_akke.qwd	akke	A	train	8020	86292	0.922	929.3	329.1	2b683e2b0265edf3a1dff10e889d874c68976a5f42b21681cda7aef117253efa
smackdown2__59_akke_dm3.qwd	akke	A	train	10381	86765	0.991	1481.9	325.3	8c50d705a459ed970409b1b74daf356872fe1df6b6ccf1f88a8a6d10e56ead63
smackdown2__60_akke_dm3.qwd	akke	A	train	10144	86528	0.979	1187.7	321.7	55f80b5374d066ce5ec18c3e9b44ea688d66092c0789f53fe26395d767ab38aa
smackdown2__64_akke_dm3.qwd	akke	A	train	5762	86736	0.932	1732.9	329.0	ba347a8ec4c8a0dada13b540a1a9e85c3ef316dfe8d87f8a2503cfe5352b7156
smackdown2__ff_tfp_1_dm3_akke.qwd	akke	A	train	8836	86544	0.942	1218.9	322.0	d08ca18a0cc93d7cf58d2e5a4b0b7fa598cc61a98f90c6c3f11ef1ba94abaf04
smackdown__cmf_cute_1_dm3_amu.qwd	amu	B	train	7788	86462	0.865	1305.2	324.1	4af94b5fbe40507dddef75dfe100b3beeb87ac4ad56109c8fb0a85016b852d22
smackdown2__para_omg_1_dm3_ana.qwd	ana	B	train	10456	86488	0.894	1011.0	322.0	1f28e28044c014f48aa2bba10107931921a0492cb7792a0fa82bd03928c428ae
quakeworld__CHTV_4ng3ls-Portugal_TAV-Portugal_all_dm3_QuakeWorld_4v4__11-07-03_saddam-tav-angels_dm3.qwd	angels	B	train	15663	86802	0.773	1162.6	319.6	bb4b3914304c909e20cd843c3a381829968b86ad7ee57222f43a01368facb5b9
quakeworld__CHTV_4ng3ls-Portugal_TAV-Portugal_all_dm3_QuakeWorld_4v4__11-07-03_soul-tav-angels_dm3.qwd	angels	C	train	19403	85504	0.545	761.3	266.0	7ccc9ca098be7194ce2811b0950f4a0810a938ffbd81a62f1d5d5cd3ba518fb3
quakeworld__CHTV_4ng3ls-Portugal_TAV-Portugal_all_dm3_QuakeWorld_4v4__11-07-03_xai-tav-angels_dm3.qwd	angels	B	train	14098	87318	0.818	1323.3	329.2	7f129f38d37d5c0511f12d917ae40586ded8c3196be3a4ffcf4ac79c316c1d8c
quakeworld__CHTV_O_Cla_[6]-Brazil_Animaniacs_[AnM]-Brazil_doob_dm3_QW_4v4__6_VS_anm_100percent_doob_.qwd	anm	C	train	15244	93484	0.54	1252.7	317.0	d0ccbdc8da480ec78a8730e445ba6acc73a10560b0dba2140a71c9920f659cd3
smackdown2__game_265_AnM_FULL_2_DM3_AnM-Yronman.qwd	anm	C	train	9202	86121	0.452	1957.0	299.8	2596576a49d558d80b13e6b6f450b0c059a9aee40e3c183b7a6868f4d8e654c6
smackdown__sah-vs-fith-dm3-arcane.qwd	arcane	C	train	4318	76547	0.46	1366.1	320.0	baab84f0d42c646a561c532b9f43e4f965f1fe6aa1bdfcbdd72c25a3071bb173
SmackDown3__game_537_List_LOK_2_DM3_arnie.qwd	arnie	B	train	25939	98806	0.805	1658.6	237.7	748a4fa5e0b6c6a015033496744f474750099505bed4186a2afdf3dc9afdf255
smackdown__d2d_list_1_dm3_arnie.qwd	arnie	B	train	4934	64037	0.814	1865.7	320.5	23f2a33619be9c7e3548f7b5a069ed82e7dd101eb18e20b3868cbf319353eda4
smackdown__list_adm_1_dm3_arnie.qwd	arnie	B	train	4808	65951	0.802	915.6	324.0	d45b4572076fed680524f3dfff52287fa622e860c2961779548aa568418ea2d8
smackdown2__amd_para_1_dm3_band.qwd	band	B	train	9082	88327	0.736	2051.2	325.1	fd61939d567e23e34b1703e1561a131597e2cf532bbbe1c8a3da12f1274ded47
quakeworld__CHTV_In_Bloom-Sweden_Various-Sweden_Various_Various_QW_4v4__4on4_ib_vs_diva_dm3_barre.qwd	barre	A	train	7111	86807	0.984	1057.9	323.2	869fee44e3a2f3d2547a654c07ca97d0f68bd8f50e91c46aac8ef47279a7623f
SmackDown4__game_719_fa_gs_1_dm3_beasil.qwd	beasil	B	train	8910	87098	0.812	973.5	320.0	6d6d535e367aeb45932bb9f7db7797b4c85d2602120336125e5ca068f0da97a5
SmackDown3__game_468_PNC_DS_2_DM3_blasu.qwd	blasu	B	train	5363	87302	0.743	1106.1	325.0	d514b371cb7874e5a4817b7df219b860f74edac4191cf62b6da4ba4788855c14
SmackDown3__game_599_CMF_TVS_2_DM3_Blaze.qwd	blaze	A	train	7378	87032	0.988	1116.0	320.4	a81532de531a855512ae4dc5301d949db385f8e3cc8a5dcf877c6a59a5d81cfe
smackdown2__TVS_RC_2_dm3_Blaze.qwd	blaze	A	train	9541	87169	0.954	1011.0	321.1	8f50138defeae725aa7784f14e6498db0a06aa2277e65ce76642e5a7b345721f
smackdown2__game_260___1_DM3_Blaze.qwd	blaze	A	train	5439	86927	0.911	1329.2	320.0	ea4d6fbcd4287963c9491ab86d48abd0bd4593fdd1424904df0bfdfbbaf46a2e
SmackDown3__game_535_FA_Dx_1_DM3_blind.qwd	blind	C	train	12983	86896	0.669	1364.0	323.3	24357415d1ab7fd79746a8ff4fb5a2667e972d4c6ccf5533e7137665602a2974
SmackDown3__game_601_FA_List_2_DM3_blind.qwd	blind	B	train	12495	88673	0.881	1178.7	320.9	bf087de55d1097feb81f7f4017857bc032d98cc41b66451551df83e34b7cebda
SmackDown4__game_738_fa_db_2_dm3_blind.qwd	blind	B	train	16206	90062	0.786	1202.5	321.1	39afe26c245e0f83c365686572022c1ba0ead2dc129f34aff6276a68a8629eab
smackdown__lkdn_ttr_1_dm3_blind.qwd	blind	C	train	12911	87029	0.645	955.8	320.7	f1e1096df8bae7e6d69ff95eb1a9ff12f324ecdfe7d217dfded474ef2196f44a
smackdown__lkdn_ttr_2_dm3_blind.qwd	blind	B	train	11278	96540	0.75	1173.1	323.3	ff1053bc05f6f1eb18ea9811e92bac87d7fb9133e9f35e1a8ae9e19f07e5c0db
quakeworld__CHTV_Maniacs-Sweden_Blt-Finland_Sassa_dm3_QuakeWorld_4v4__sassa_[[0]]_-_[blt]_4-4_dm3_.qwd	blt	A	train	48502	94216	0.993	1008.1	321.4	f536fb811380c5938b81e92bb3c10f3d7038b1aa0042a59a03b7c5163f2b9245
smackdown2__azul_lies_1_dm3_bm.qwd	bm	A	train	4837	71274	0.943	1245.0	327.0	c89c7313ab8a83e4a642811d88aa9c1a7d465dbf80e8ddf6c558e9f7b1ae875f
smackdown__ttr_cyke_1_dm3_bm.qwd	bm	B	train	7561	71125	0.818	1291.8	320.2	c2db4cdb03ca07e79ff47954ad3269da821b8b1b87197bce1c4d801caccb4722
SmackDown3__game_466_CMF_OC_1_DM3_brutal.qwd	brutal	A	train	12023	87160	0.994	1000.5	319.2	59332aa209d7483e2d3ef6dd431c343ef143eabe7920aecffe2a3a0ce060a773
SmackDown3__game_466_CMF_OC_2_DM3_brutal.qwd	brutal	B	train	8361	88544	0.863	1649.2	322.5	d37124f420a444bfb164b721fbbe7d359207cf10e77a1ac588f32f924c397ea3
quakeworld__CHTV_Orkney-Sweden_Various-Sweden_Various_Various_QW_4v4__4on4_oc_vs_cmf_dm3_brutal.qwd	brutal	B	train	8361	88544	0.863	1649.2	322.5	d37124f420a444bfb164b721fbbe7d359207cf10e77a1ac588f32f924c397ea3
smackdown2__AG_XX_1_dm3_BullDozer.qwd	bulldozer	B	train	9112	92529	0.834	1317.6	324.0	85f42c387d7be8532ceb1bb9775637de53abcf70b1053dc268862fad69c93036
smackdown2__st_5_1_dm3_carnage.qwd	carnage	B	train	9658	59019	0.741	2939.2	319.4	1ba1ecf3a7c4068e89f58eae888303e72be36d7e37815cc3eb004e230d298c91
SmackDown3__game_341_IB_NME_1_DM3_Cero.qwd	cero	A	train	12079	87537	0.965	973.3	319.9	36a36649343dd1c7b7ca66b3127f702f14cee00ba7984e1012a4a4a6bae84845
smackdown__cero_pq_vs_lit_dm3.qwd	cero	A	train	6971	87672	0.923	1338.3	320.3	2043a0ae39eade6396d275118cac69ff753a7a7d6423bc2ac51f9a5219e7f194
smackdown2__clown_xx_cg_dm3.qwd	cg	B	train	5840	86863	0.717	1433.3	319.3	a7908dc48fa023ee95fd64c636fb1a5f2c0b1924025afac17aba4e1c75a7de0a
SmackDown3__game_588_Diva_TOT_2_DM3_circle.qwd	circle	B	train	10600	89033	0.878	1038.4	320.1	0f0ee442a61c6c480e30bd229e93cc2bf3e054a19b6a78062dd54867409b1981
SmackDown3__game_451_Quad_ED_1_DM3_clawfinger.qwd	clawfinger	B	train	65228	212033	0.822	1360.4	319.5	3ff4c6dd1bc01790e60f36b3e4346321b26afd04bc18a41a202df8400216c311
smackdown2__CG_EG_1_dm3_cleansweep.qwd	cleansweep	B	train	3187	71089	0.751	1308.8	324.3	5ba94b52e5203fa59dbd3cba51d81715a3833e995511472092c463f6a2390b12
quakeworld__CHTV_fspanic-Sweden_cmf-Sweden_panic_DM3_QuakeWorld_4v4__panic_[[fs]]_-_[cmf]_4-4_dm3_.qwd	cmf	C	train	899	92630	0.25	607.8	274.1	9ba4936164dbda0b9c328837e366c1b7b6d3b8facff8c5f998c070040db86feb
smackdown__akke_cmf_dm3.qwd	cmf	A	train	10517	86741	0.993	1035.7	325.3	a8b9eed9776f4cd571e052cb586636c032054184ab9f9857d55a60287f22bcbe
smackdown__exile_cmf_dm3.qwd	cmf	A	train	10716	87307	0.987	1295.6	319.7	fa093d6b1fd18bbbae51b282f79f4d31f90a659dd51fb7f43a5e9c800a0cf6c6
smackdown__pietro_cmf_dm3.qwd	cmf	A	train	8260	88491	0.988	1797.0	320.1	122702db7a1fc593fb05eb7fa2db799fb5c6d9d53c01914a58af3ddb6fc36212
quakeworld__CHTV_BogoJoker-USA_none-USA_BogoJoker_various_QuakeWorld_Trick__dm3-cool3.qwd	cool3	C	train	165	994	0.545	474.0	413.2	be63b14998d17b42b895b308c5891a93181106db573425d356a44c725a473db3
quakeworld__CHTV_CoP-Sweden_ACE-Sweden_Triplesix_dm3_e2m5_QW_CTF__CoP_ACE1.qwd	cop	C	train	819	29857	0.257	1228.1	241.8	580e8c0f1d59f568f66d814ecaa16d395f09521c3e5478259d8943b96a716ab7
quakeworld__CHTV_CoP-Sweden_ACE-Sweden_Triplesix_dm3_e2m5_QW_CTF__CoP_ACE2.qwd	cop	C	train	1437	30426	0.331	1034.2	193.8	f29e1638c2c325ff39797d6b420407db18b79ca55dca6c0f207f035548bc0fc7
quakeworld__CHTV_Antiquad-Finland_DeathTeam-Russia_Cougar_dm3_QuakeWorld_4v4__CB_aq_vs_dt_dm3_cougar.qwd	cougar	B	train	18725	93816	0.876	1164.2	332.6	6f3b40760fbcc533179fc90499e0c68a358088d6cc6e528d10a1d12e35c09798
SmackDown3__game_510_FS_HPR_2_DM3_crit.qwd	crit	B	train	10367	87338	0.825	1335.0	320.0	dae3be9a545674544104764831f9627ec4f351cfa24f5d5480b36454edb1c589
SmackDown3__game_597__L__FS_3_DM3_crit.qwd	crit	B	train	7243	87218	0.801	1414.4	326.1	8c9848a6af866f04db4453573d3751c1e531fe985597f92410471fc76e353a7e
SmackDown4__game_743__fs__tot_1_dm3_crit___.qwd	crit	B	train	4750	86338	0.844	1033.8	333.0	69775846c673b9a23743920aa38127e5d4429862502558f28562e831831cb1ff
SmackDown4__game_743__fs__tot_2_dm3_crit___.qwd	crit	B	train	9682	89190	0.843	1102.9	330.4	24ceeb358759c4d712010a4a1e1dedb9969881edd183fc64bec66872759bedee
SmackDown4__game_749__fs__tvs_3_dm3_crit.qwd	crit	B	train	6702	87615	0.895	1565.5	327.2	eaaaae3387e8a9109fa3ac3e28e12017b6b0ae2c1dbc46bfe74183f6ca256002
SmackDown5__game_901_cb_fs_1_dm3_crit.qwd	crit	A	train	7802	86905	0.928	1574.0	329.3	d0114ec3563e5ad2eae70146f41784c3d022399107b3ee7d793e285087834e1c
smackdown2__fs_oc_3_dm3_crit.qwd	crit	A	train	11640	87359	0.933	1421.0	312.6	9588d80f533577ca2f66ca41d46438be340af5991678a45ff4276c07ab7aa9d6
smackdown2__game_242_FS_NS_3_DM3_Crit.qwd	crit	B	train	9130	89694	0.877	1185.9	320.0	9cc22a8c1090326d628397912a3fd38f41b598f82bde75be83d3046241f7119d
SmackDown3__game_538_WaP_OZ_2_DM3_czm.qwd	czm	A	train	3484	85021	0.924	1267.8	327.6	36cc583ef57813ca3a18512bdaee398885d008bacb0996d8a1ee0d6ab9580115
smackdown2__ff_tfp_1_dm3_dag.qwd	dag	A	train	6609	86723	0.928	1109.7	336.2	f30ac9a73cff77cfc659cb423f40958bfdfeb0ce2431c113d581de9324b8ebc2
smackdown__ff_4x_1_dm3_dag.qwd	dag	A	train	8899	87164	0.942	915.0	321.8	5910d780ede00f09f096b789fd143db010d9c576be33c9aaa1b4ef3599900045
SmackDown3__game_561_Twats_HPR_1_DM3_dakoth.qwd	dakoth	A	train	13384	95099	0.934	1137.4	319.3	d80ed78a4b410310f061695e7508732dde7abea19a6a50c7025e0b57d85a6c07
smackdown__dx_ho_1_dm3_dana.qwd	dana	B	train	9968	85025	0.733	1252.6	332.7	4ae544b76364c618e386a0a4984f9a00dcb3b4390daf503a3d19cea853991c4d
smackdown2__CMF_ADT2_1_dm3_Dare.qwd	dare	B	train	4476	84485	0.864	899.2	327.4	66b17cdf85152ef66e45fb2154584b8f0dfa57e42905c373c13b193b38c5987d
smackdown__cmf_vs_quad_1_dm3_dare.qwd	dare	B	train	13784	79193	0.895	1058.3	316.8	4d7eb484a34b49cd273ef1a2cea03959cd105471d8ba73a47dc40403ee582371
quakeworld__CHTV_Caps_Lock-Sweden_Various-Sweden_Various_Various_QW_4v4__4on4_caps_vs_z_dm3_dark.qwd	dark	B	train	10383	87296	0.78	1107.6	323.0	a5c19a2ec736994438d7635a87627eb1c1f3f58b5dd9177b7600574d96da2be3
smackdown2__tdi_fe_1_dm3_dark.qwd	dark	A	train	9045	88171	0.934	950.7	331.5	5909ccf293764c78a5775f4af6f3649a95d4022ffd4c42a93076bd5bf2a5c366
smackdown2__foad_aok_2_dm3_darkone.qwd	darkone	C	train	16996	86503	0.691	1054.4	319.4	cc1119148d9b663671589d112b3cd5354b9c58a4e4f939a4f3974077bc03edb5
smackdown2__foad_azul_1_dm3_darkone.qwd	darkone	B	train	13827	87085	0.875	1202.0	319.3	7906ccd80fbcb02466c758f0947a4d47dd9d06a40471d362c40c7cca8e233fa6
smackdown2__foad_lies_1_dm3_darkone.qwd	darkone	B	train	10541	87058	0.722	1012.5	323.2	d6606e7f440235d78fd0f33368a064b1ed6b6ef69c441ce9723123cc705de4c8
smackdown2__foad_mu_1_dm3_darkone.qwd	darkone	C	train	10734	87581	0.695	925.8	320.1	2f3a2834a14152d95fd20cad4cb7b34257a4bebc52844ff530bcd9bd170f9087
quakeworld__CHTV_Spartacus-Sweden_Various-Sweden_Various_Various_QW_4v4__4on4__s__vs_z_dm3_daver.qwd	daver	A	train	36627	85608	0.92	1975.0	320.0	ce4ece644bfd51733f42162bfeba60e971dd8095bae678a05bd788bead991899
smackdown__z_nc_1_dm3_dedi.qwd	dedi	B	train	6469	85084	0.859	1057.3	322.1	a02d2607825496d47566c5ef9a6cc0b1a304c61f148eb418e3177b5059548454
SmackDown3__game_579_AG_WaP_1_DM3_def.qwd	def	A	train	8436	88367	0.963	1003.3	328.1	2d5c90931676c20fba003d31d689002fe4243e7408d681d9bd16dcbe705fd7b1
smackdown2__AG_[vs]_XX2__dm3__def.qwd	def	B	train	3730	87304	0.765	986.0	336.0	a338ce4c650b7dbfbb87775f8e4049bb9d4d9357c1e18351211dad9e88875db3
SmackDown3__game_425_FS_CD_1_DM3_delta.qwd	delta	A	train	10610	88334	0.968	1189.6	321.6	4a9fe048782e91cca7c809def76a4da15882f12ace25e419493fc6a4ed580081
smackdown2___dg_saturn__dg__vs_gq_dm3_2.qwd	dg	B	train	9703	85705	0.768	1285.4	319.5	f419927d178bcb1e23b1fb495075e6c9aecafc726e06257e1d58fb8a6567034f
smackdown2__x_gq_dg_dm3.qwd	dg	B	train	13751	87653	0.809	2120.0	320.8	36d278f095df4a4a96960458547ef66d1d21e640798f13dabba0d6ed5bdb7197
quakeworld__CHTV_r3v-USA_vs-USA_d1eh4rd-r3v_dm3_QW_4v4__diehard_vs1.qwd	diehard	C	train	2352	94341	0.187	702.4	248.9	0e73706d71a202fcf19db8d0dca5e4602fee458061c8913caac9e71f6df8f55b
quakeworld__CHTV_r3v-USA_vs-USA_diehard-r3v_dm3_QW_4v4__diehard_vs2.qwd	diehard	C	train	5443	91784	0.334	463.2	276.0	5330f45f287c4037e54a9567a3082e7df23a2565be9f3351a8ce49ef17b51609
quakeworld__CHTV_unnamed-None_none-None_unnamed_dm3_QuakeWorld_Trick__dm3pentnailclimb.qwd	dm3pentnailclimb	A	train	151	352	0.935	76.6	1.0	653ae964a8e95cd7a1d2c5ae3064c997e3596b3cae6eab483a105177f08ba620
smackdown__ibh_dn_1_dm3_123.qwd	dn	A	train	8831	86696	0.905	2586.1	322.2	0ef01a75ef59c7eca2c704f128a3d8ba24c6709d71ec9fe3eccb8d470d6cbc6f
quakeworld__CHTV_Teddybears-Sweden_Various-Sweden_Various_Various_QW_4v4__4on4_tb_vs_e_dm3_doomer.qwd	doomer	B	train	38608	84349	0.834	1568.2	320.8	e550d2f3332960f93843e7a310cbd16b390b155998e42ca088991b8618b25df1
SmackDown3__game_563_THDM_FOAD_1_DM3_driz.qwd	driz	A	train	12542	86964	0.936	1399.4	319.7	2365dae7a33dc51db3c87dc4d8507a377690585bf1bfa262c0706c0622681a4c
SmackDown5__game_1020_thdm_fa_1_dm3_driz.qwd	driz	C	train	7304	86905	0.619	1045.6	327.5	b015a95cb44c3b1e665f28d22bdff8c4ea7ea39f6b35145fd9a43ab7f6b4d279
SmackDown5__game_1024_thdm_list_1_dm3_driz.qwd	driz	B	train	4671	86526	0.729	1761.2	326.7	7f4a65a68370431aa2430356e0232b169eee8f0205393132ef268a41ddb92fbc
smackdown2__thdm_list_1_dm3_driz.qwd	driz	A	train	4157	84484	0.938	1250.3	333.1	81523f6a217afd285eabf08a18aa79575b175fc8a51e3d7c72336c9d6661dfb5
smackdown2__ic_dx_1_dm3_dude.qwd	dude	B	train	6424	85953	0.836	1219.7	328.4	58f63aba2cfc08a78a93101ff462790f73de66a90baf486f4aef3ead023b6792
smackdown2__ic_poc_1_dm3_dude.qwd	dude	C	train	7902	84423	0.696	1973.8	324.5	6b822a0943c0432a80a38b51f0e2620f050b9dd2ee71d4c69c527162770bc22b
quakeworld__CHTV_Maniacs_-Sweden_Dybbuk-Sweden_Sassa_dm3_dm2_e1m2_QuakeWorld_4v4__04-04-04_[0]_vs_dyb_[dm3]_000.qwd	dyb	C	train	7932	91300	0.606	1543.5	327.9	ebe43ffa0aecebcda21c17fb2416cec01b08f22d2bd51b2e924aa1939f6803a5
SmackDown4__game_674_4k_fe_1_dm3_dyn.qwd	dyn	A	train	9473	87036	0.925	1242.2	326.0	3c467d66ec2993c1ee04b714ea6cb1a9c1b66edc43ecb81a3d6a3b82473f1444
paradoks__e_vs_bad_dm3.qwd	e	A	train	30743	86551	0.916	1368.6	322.4	3c2a445053008610367b601c37a2483d4a917e16198f19847a5186b4bf4cbb44
paradoks__e_vs_code_dm3.qwd	e	B	train	15811	86668	0.839	1194.4	330.0	72b7bb18278099b763895613606523c193ebc3593b42af61d0ee0c87f6421ce0
paradoks__e_vs_tdi_dm3.qwd	e	B	train	17980	59593	0.827	1139.6	323.0	6f729b3e18f242cad26850658e03bc9a41a04e4bd7fa5af35175540da4d3a376
smackdown2__E_vs_ns_Goljat_dm3.qwd	e	B	train	8238	87999	0.806	1299.4	323.7	009a3594754252c816d42d0914845c598e685bb5a89cde41ab014acbc96aa623
smackdown__exile_e3_dm3-2.qwd	e3	A	train	17432	87037	0.996	1299.4	222.5	05d1dd7f0f2f203d9f5e9d222332b046f97cf9630e1a8c42032b9a24dfeddd9f
smackdown__exile_e3_dm3-3.qwd	e3	A	train	11159	88012	0.997	1296.5	308.7	4505304181183a7d25e215fbec82a1473dcc038cf148fdd8cc195b62fdf3b572
quakeworld2__ea_vs_ocr_dm3__ea_vs_ocr_dm3.qwd	ea	C	train	839	62718	0.263	464.3	299.5	4a636387b21c17e735505ed4acf7d7951ddf97fb1fa9a6f598bdb61492df568a
SmackDown3__game_589_OMG__L__1_DM3_Effie.qwd	effie	A	train	63776	77290	0.919	1045.2	328.9	b5be722d70393ed38a1f424524e52c729b4b488f91deead47db44adc88b76e95
SmackDown3__game_597__L__FS_3_DM3_effie.qwd	effie	A	train	21079	85957	0.957	914.6	286.2	6c38eeac6cb806c7f930191bcb48f8039b69848582e203d2dc0ca4fa33addead
SmackDown3__game_407_antx_DS_2_DM3_eraser.qwd	eraser	C	train	11745	87209	0.661	1287.7	319.4	94172358687c0927e0f3752ddde4a7c1a26d594095219ea8ecb646d3941d2ad4
SmackDown3__game_428_ED_DEATH_2_DM3_exile.qwd	exile	B	train	6164	87317	0.884	2579.0	320.1	c80d0af707e582cda390f7cf755bd62f0ebb193b36ce26bb264ad61821232841
SmackDown3__game_465_AMD_ED_1_DM3_exile.qwd	exile	B	train	7748	89604	0.824	1067.4	326.2	6893ce6ffef58ecd4a511e09b38b5e112c9ec4223262b6b3a4e26912a6248f29
SmackDown3__game_472_tFf_ED_1_DM3_exile.qwd	exile	C	train	4595	87195	0.664	1063.8	323.1	e5fb300d916a139a86380389d8f89f5411bae5baa417848a3762100bc7424922
SmackDown3__game_558_ED_WR_2_DM3_exile.qwd	exile	B	train	6051	86931	0.775	917.1	324.7	97352cd8014bf4965b727f1f0e772abccce40235c163bb7a2e6fa8971276828b
SmackDown3__game_593_ED_OC_2_DM3_Exile.qwd	exile	B	train	21900	87467	0.768	1068.2	321.6	b31f3b1da1dfc8017dd12dff11bafa228ca75d93f913479e4b334d9338fac5f7
SmackDown4__game_745_fu__l__1_dm3_exile.qwd	exile	A	train	9465	87052	0.922	1323.5	319.1	818c112d245f6db4f65b4bdb7c74c0939871d412c1c5257a51dcc194b292afc2
smackdown2__FF_OC_1_dm3_Exile.qwd	exile	A	train	9025	88786	0.923	1160.1	322.1	db4ebc3b65a3f9b2e4613e83b5c59b7f49d01fc73d03df90fb2789264722ec35
smackdown__ff_ibh_1_dm3_1_exile.qwd	exile	C	train	7732	86480	0.683	1311.5	321.3	3c607187beeb3b3cd8873a97b71cd39f6b75c37015cf128af92ab2359f470dda
smackdown2__game_263_LoW_FULL_2_DM3_FC-Tiger.qwd	fc	B	train	25664	78247	0.816	1467.4	319.2	e4fc587ed2cd680f1d78960bfcbedbae18cbf9d3faf8619b31b9527b05c9310c
smackdown__ff_pietro__ff__vs___E__dm3.qwd	ff	A	train	8473	90343	0.993	1266.5	334.7	0526166b20d3da524059a183fca2338854dff5ed8ad3853e50c7c40c4c09d867
smackdown2__chtv-dg_coj_dg_vs_fff_dm3.qwd	fff	C	train	5439	87333	0.646	1253.7	336.2	be6c957ca7a93bf52fff1afbdc4c04b6901c2e8ecf2f8a28107cdc0936e3ab48
SmackDown3__game_429_CMF_PNC_1_DM3_Fifi.qwd	fifi	B	train	4635	87033	0.77	1354.0	332.5	e06fc8b822ae938f556109be9d1509bb31945938ea66be810354fb18ecc4b269
SmackDown4__game_750__sr__cmf_1_dm3_fifi.qwd	fifi	A	train	7720	88014	0.99	1623.9	323.1	39cbd13a07f5bb519c52d6b3b84fadd51aa9ea1315765d577cab1db571b0daf2
SmackDown5__game_966_cmf_para_2_dm3_fix.qwd	fix	A	train	44881	94131	0.98	1338.3	325.3	c6204ceb4047bd055b92a6e7ebf5061a4c666ba40c6a88cdb39afdd1b49d6806
smackdown2__for2_d_vs_fe_dm3.qwd	for2	B	train	10053	85909	0.841	1150.4	323.6	5a229513baeb8753f31030ea4215cb752785ce92f5c23915975d501403883ca2
SmackDown3__game_451_Quad_ED_1_DM3_Forsberg.qwd	forsberg	B	train	16317	85863	0.887	1095.1	327.8	664ac9b306ce5c5297219fc61bc6a8220c9d40ce8fbd9028c83d2151d4909040
quakeworld__CHTV_bw-Brazil_the_other_team-Brazil_bw_dm3_dm6_QWCA_HowTo__ca-frag-1.qwd	frag	C	train	112	1597	0.259	459.5	253.0	9184f221f280cb8838e4d56875ce1ee1ecf8761db2f2c2dca3e1291bc495bf6b
quakeworld__CHTV_Campbusters-Spain_FragShack-Ireland_Eta-Beta_dm3_QuakeWorld_4v4__Eta-bETa_[camp]_-_[fs]_4-4_dm3_.qwd	fs	A	train	35348	88427	0.956	1259.1	323.6	d79e00435578d4a1ef9f8f2259dd117a47e64fa235e97a46b2c36d75334323f1
quakeworld__CHTV_Firing_Squad-Netherlands_Earthquake-Netherlands_razor_dm3_QuakeWorld_4v4__fs-eq-razor.qwd	fs	A	train	77045	86776	0.991	981.1	326.8	d456dbd9665878274233f4eec8f2665247429787e9e46b77d664a8d3b6068e93
smackdown2___fs__crit__fs__vs__d_dm3.qwd	fs	A	train	8773	86594	0.919	918.5	331.4	2f35334d5d38d787f6f351c4af1d5d8dc8af5a41e26bde34645aed5e253a30f5
smackdown2___fs__crit__fs__vs__d_dm3_2.qwd	fs	A	train	8505	85286	0.909	1085.0	321.6	7fd50b6116cc8173dfffa00aff933c2b10a911b5af6f97de923b1644ff3de9fb
smackdown2__fs_vs_d_dm3_1.qwd	fs	A	train	14401	86933	0.979	1309.1	320.3	76a9897b47791859034b1fbef67d1525fdffcab07721e827874be0898f4005c2
smackdown2__fs_vs_d_dm3_2.qwd	fs	A	train	11043	86600	0.978	1358.9	322.6	354ba3f8f107fdbd952ed7345610933846569751fd03fad7b8f2967f54c0db1b
smackdown__ibh_fu_2_dm3_123.qwd	fu	A	train	10069	87655	0.904	6096.1	319.8	612d6cb5862da372d5094622a5b3f63304ce60c94093e241e4702e1588edcf3d
smackdown2__chtv-smackdown2-ag-vs-5-fuman-dm3.qwd	fuman	A	train	14478	86995	0.907	1046.4	319.6	3204acb7d4285c5ceb97604aa9a6745584befd96c4205098ed11368e70d9f353
SmackDown3__game_577_[x]_DAG_1_DM3_gator.qwd	gator	C	train	14081	87029	0.583	1209.1	324.0	9e475fe9a6158c403809e50a052353937bb0e14da26934aad821fffe966a28c9
smackdown__amd_adt_2_dm3_glad.qwd	glad	B	train	8590	86813	0.819	1176.8	321.0	0363bcfdccfab80d8bc5ba825060bd908c5eb63228638f917b5f3b2ce4dc7af5
smackdown__gds_adm_1_dm3_gobo.qwd	gobo	C	train	8422	87617	0.595	1313.2	320.2	9711825957fd435b08224c3560baa7c683fe8e633a88e5535be3316dff436341
paradoks__goldens_e_vs_4x_dm3.qwd	goldens	B	train	67880	86823	0.893	1025.0	322.2	89de5d594585fa5133ec89bb85c2f867c93bf27590c96084b3ac0b05dbeaf3d6
SmackDown4__game_690_wr__sr__1_dm3_goljat.qwd	goljat	A	train	7058	86413	0.954	1541.2	331.7	47d635ee826827bf1ccfb30e735c3495997882275dcdce641be2d4bb1fb1f6d1
smackdown2__game_271_E_CMF_2_DM3_Goljat.qwd	goljat	B	train	8528	87017	0.79	1583.0	319.8	de28ccbe3775d7b0d10545c6108765fb0d053254619d412af6a46ca6a70efc70
smackdown2__gq_ziploc__gq_vs__dg__dm3_3.qwd	gq	B	train	3928	91200	0.866	1844.8	331.4	2d4abbdaf34aa244c5fcaf109bf9b46e240129ec940fd4691a4660c2f6029bb0
smackdown__GreyFuckenSeea_gds_vs_adm_dm3.qwd	greyfuckenseea	B	train	12735	82342	0.846	1310.3	320.6	6a77209e057bc866e8876aafb111365b2b9e3481ed196eb45a4396c73fc31bf5
SmackDown5__game_870_trash_-tf-_2_dm3_hangtime.qwd	hangtime	B	train	24421	93514	0.861	1772.7	321.8	73ff7ac0786327e533696c245058ddc95db095f2f1a6d5723ff5aba3912e05da
smackdown2__DN_RC_1_dm3_Hangtime.qwd	hangtime	B	train	12617	88254	0.816	1373.6	321.4	652d54cd78ec5286f1e39ef20c69bdf229081d0d6a77a6d2c95c2ccf8dd4fbf2
smackdown2__fa_dx_1_dm3_harlsom.qwd	harlsom	C	train	5055	87347	0.649	1270.9	339.0	46f1ba339fe702ae643690ac7469fae428c215c7725b94eadd74200ed694b141
smackdown2__fa_ic_2_dm3_harlsom.qwd	harlsom	B	train	7999	86357	0.747	1398.1	325.1	8466bcd6b86bc367931b510088942d6fe9f85a000736b48ea48521bfcf457e7b
smackdown2__fa_poc_1_dm3_harlsom.qwd	harlsom	C	train	3537	85643	0.69	1297.8	334.0	3805b1d361c68e05a2db0e0eeb9361a59fbcd099af949f4763a6f056a6b2eda4
smackdown__fa_ao_1_dm3_harlsom.qwd	harlsom	B	train	5990	86676	0.736	1193.7	335.0	b3e0703628ea38cf37329356317674ee3b4192ae78e978caeb69744e93d526d1
smackdown2__foad_aok_2_dm3_hashie.qwd	hashie	B	train	11903	87900	0.74	1234.0	320.0	037aacade098971c8c1a578bf77320d8791d89cb2c8c4ba90dc15599ab4692ef
smackdown2__foad_lies_1_dm3_hashie.qwd	hashie	B	train	23245	87868	0.826	970.0	320.0	7314cdb3ddda34b16b53c0489818ddd2f5a40c4f6a2e0a3ae04fd116efcb18e7
smackdown2__foad_mu_1_dm3_hashie.qwd	hashie	B	train	22518	88482	0.776	1094.1	319.9	0eddc4aa902be4dcf09810fbdf43cff07009a62507f1d863c720fbca23cfcc3b
smackdown2__foad_rb_1_dm3_hashie.qwd	hashie	B	train	17168	87214	0.712	1171.2	318.9	335ecb837ecc8388ddc0998d7ed0a6d3a2d563b02649d7527777f94708225509
smackdown2__oc_d_1_dm3_hatti.qwd	hatti	A	train	12317	87964	0.92	2414.0	320.2	50876942f8523fd013bd157d8d2fb4b62f5c3a16bc6759df8e5d1a6558adcf89
smackdown2__oc_tfp_1_dm3_hatti.qwd	hatti	A	train	10524	87440	0.972	998.6	320.0	c9b6d92d25a00f6a9cff25fbd808e17e34a852b1623a5d13bc7904f21793ee5f
smackdown__sah-vs-ag-dm3-haze.qwd	haze	C	train	5737	85150	0.582	1312.7	336.5	3af7b29923d4550ca39081fdbd3b7615af6e42ab62390ceac60f5ca0764f2ead
quakeworld__CHTV_Dunno-Sweden_Various-Sweden_Various_Various_QW_4v4__4on4_d_vs_hf_dm3_hew.qwd	hew	A	train	43813	87022	0.935	1164.3	323.1	dabf96c325d0fad0e391651f12c41cfbeaf4e28da22d301d8459d48816b26930
SmackDown5__game_875_vm_-tf-_1_dm3_hiks.qwd	hiks	A	train	23439	93016	0.929	963.4	319.5	33113f843e278795b31d4a2d927a4d0e128c167ec5bb5a1dd9f82af83095cd85
smackdown__e-cmf_1_dm3_hixen.qwd	hixen	B	train	75240	87231	0.894	1291.3	319.2	5c4635b51d26c207a860b8b45553303c72eca51d9649920b867d974026c118d1
quakeworld__CHTV_FiringSquad-Europe_HyvatPahatjaRumat-Finland_Razor_dm3_QuakeWorld_4v4__razor[[fs]]-[hpr]_4-4_dm3_.qwd	hpr	B	train	24725	87136	0.805	865.5	322.1	92cde2ee4d43f3ad0ffa90971130b100bff5c0956716247171d2dc5d2db82657
smackdown2__dn_v_rc-dm3_ht-_sd2_.qwd	ht	B	train	12617	88254	0.816	1373.6	321.4	652d54cd78ec5286f1e39ef20c69bdf229081d0d6a77a6d2c95c2ccf8dd4fbf2
SmackDown3__game_565_Dx_List_2_DM3_i_have_a_cat_named_cece.qwd	i	B	train	6264	85618	0.885	2212.4	328.1	40417411c51a4e4941f45ebdacdcb5f4c598503c4f8a252a78fd89533a9b0acd
SmackDown3__game_591_OC_IBH_1_DM3_123.qwd	ibh	A	train	6753	87664	0.939	1383.6	307.4	31239c5f024254569a893923ec0e85b51dd63d501793cec5f8980a476523eaf4
SmackDown3__game_592_TVS_Twats_1_DM3_Ihminen.qwd	ihminen	A	train	5081	87891	0.979	2555.8	338.6	7e4d777a6dfe3ba4513716788045e61a366e7a5f819531602f6f2b67a83a03a3
quakeworld__CHTV_Tribe_of_Tjernobyl-Sweden_Various-Sweden_Various_Various_QW_4v4__4on4_tot_vs_koff_dm3_impulse.qwd	impulse	A	train	11127	86310	0.979	1394.6	320.4	b083344c45aa2b279130ae3b3758d2cba3a545a88c917d8ee57b8943f3ebc5c0
smackdown2__game_239_TOT_KOFF_1_DM3_Impulse.qwd	impulse	A	train	11127	86310	0.979	1394.6	320.4	b083344c45aa2b279130ae3b3758d2cba3a545a88c917d8ee57b8943f3ebc5c0
smackdown2__dg-vs-gq-dm3-intense.qwd	intense	B	train	24581	78016	0.884	2675.0	323.0	dd2cca75de20c70a4b279e3b12be490df66642564211ca5f2ee4f2213c826230
smackdown2__foad_aok_2_dm3_interceptor.qwd	interceptor	A	train	12376	86625	0.936	1311.0	288.5	cd3d1d38002d0f27112c4af333257edd09bccb71e4f3c3d7e7e56efdc62510e9
SmackDown3__game_430_ED_Para_2_DM3_Jac.qwd	jac	B	train	9200	88834	0.824	1150.7	327.4	a2f442ce52736f49687c1593aac47eaec9ab9eda498bcd771adb9e92e3ac54f4
SmackDown3__game_457_WR_Para_2_DM3_jac.qwd	jac	B	train	6974	87065	0.747	1030.0	330.5	fc3a16dde50b81ac11b2bc575a114656b0238a3027fc3f3e41d8a0529b8acf65
SmackDown3__game_475_Quad_Para_1_DM3_Jac.qwd	jac	B	train	5706	73960	0.875	1084.9	325.7	800deee4684b9f9f5a13f38343ec98c94ab472197434ba07e8304f91802b90f5
smackdown__rb_gds_1_dm3_jac.qwd	jac	B	train	4010	85283	0.87	1181.4	331.4	40df12a1b4066693028654d1aa085cf771171bb9c2c9705cdfc5748fc2197246
SmackDown3__game_589_OMG__L__1_DM3_Janus.qwd	janus	B	train	10644	86445	0.884	1351.1	319.4	6c50e6efcdaf2ac6b88ab553bcc883f5a53056527cd6f7f0a3cc27998469ce7d
smackdown2__CMF_OMG_1_dm3_Janus.qwd	janus	A	train	13670	86521	0.99	1111.6	299.8	27eda5a4ac3fb64f05416e325175df9ef4648af7dd8b95a60eba81d35a250d6a
smackdown2__E_omg_1_dm3_Janus.qwd	janus	A	train	8041	86991	0.932	1344.2	321.0	88e1d0c562ea2d1d4825868711c2578f2e4821cbeaed2b776e31d03cdc506aeb
smackdown2__OMG_AMD_1_dm3_Janus.qwd	janus	A	train	11347	87892	0.936	1228.5	320.7	5ff0f6ef7c0caf9e35dca3cdd6b049b97f09462d64691a51c9c6c120efce7469
smackdown2__OMG_HF_1_dm3_Janus.qwd	janus	A	train	11614	86724	0.987	1220.5	319.5	8edfba9ea090e346faf40483400c357510542ef728e724489193ea7cddceea7d
smackdown2__OMG_RC_2_dm3_Janus.qwd	janus	B	train	7721	87253	0.874	940.0	321.9	eaae10320c87d8654714611f53ce3671c8ecab2fe95095e97c7c0461068ff954
SmackDown3__game_441_OMG_AQ_2_DM3_JArreX.qwd	jarrex	B	train	4191	86679	0.823	994.0	334.6	7fee5db508c71fd96c03d59f673868acf07eb5c65b04e972dbc6418f4ea7625f
smackdown2__NS_BAD_3_dm3_Jarrex.qwd	jarrex	B	train	6837	80779	0.878	1079.6	322.5	ccfa69d620f31c68c632f136a603a9498a83aa1cfe4bfd4dec4f5b8c469ae8c4
smackdown2__FF_OC_1_dm3_Jerry.qwd	jerry	B	train	31655	87978	0.758	1172.2	319.0	b711961d8c1a62105367f1c34137fc4ca72254b77c5f75186cee864b1db7a17a
smackdown2__ff_tfp_1_dm3_jerry.qwd	jerry	B	train	18766	87922	0.793	943.7	258.2	e93228a226997edd38af22a13b4df26fdc6ecc40a76b9c702da30de2698e0677
quakeworld__CHTV_thief-Brazil_pd-Brazil_thief_dm3_QuakeWorld_Comedy__jogada_pent.qwd	jogada	C	train	103	2876	0.348	469.3	187.2	4e3278a2c664378c32477fcb764845798cb602daed4c188557f43708b8b98d38
quakeworld__CHTV_joi-Sweden_none-_joi_dm3_QuakeWorld_Trick__joi.qwd	joi	A	train	1221	1392	0.999	592.8	215.7	c78ad295161aba64782f77a91bec537e7b8f8ebcdb8da5140e976a97400510cb
quakeworld__CHTV_JSS-Russia_None-Russia_JSS_Trick_pack_QW_Trick__JSS_[dm3]_3.qwd	jss	C	train	139	407	0.646	679.7	448.8	c32859c7662d3bf34f8c86fa6c09c878b4a0b6349de447ea1d1fe2d896a3343f
SmackDown3__game_596_THDM_PoC_2_DM3_Juz.qwd	juz	C	train	9188	86153	0.677	1417.3	320.0	74854bf4d1265cf1cae6ef66cdcdf04e57a5f8ff022f66d0bae47bc20b149d51
SmackDown3__game_606_THDM_FA_4_DM3_juz.qwd	juz	B	train	10174	86854	0.825	976.7	305.0	56ef34eae210257b0136d3aa6f8a546f9a507bbc7e0d5f61567dec2046909c33
SmackDown3__game_395_antx_TAV_1_DM3_KaNG.qwd	kang	B	train	5379	80596	0.868	1308.4	327.0	dcdfdf70f2db01ad9fc4d53b432b33d85aff196e7b8c8e52fb2dba9a30b324d4
SmackDown3__game_536_MaC_PoC_1_DM3_Kwijibo.qwd	kwijibo	B	train	6961	86428	0.857	1518.9	320.4	f64c6178b558f000256dbd5e1cb9c35636e414227af2a38794f017bb2e13fcdb
quakeworld__CHTV_Swedish_Chefs-Sweden_Varius-Sweden_Lakerman_Various_QW_4v4__4on4_chefs_vs_tpc_dm3_laker.qwd	laker	B	train	61729	82308	0.892	1304.4	322.2	4ff164c280fff60d4ad39435ffa6ea190879afffafc59a60f493d1e0f656b433
quakeworld__CHTV_Swedish_Chefs-Sweden_Varius-Sweden_Lakerman_Various_QW_4v4__4on4_sc_vs_mvs_dm3_laker.qwd	laker	B	train	27131	80704	0.865	1182.9	322.7	e6d18b448ae108f96a160e289f1e4f31d080a6492f21461c5e6a2956417412ef
quakeworld__CHTV_Swedish_Chefs-Sweden_Varius-Sweden_Lakerman_Various_QW_4v4__4on4_sc_vs_sk_dm3_laker.qwd	laker	B	train	9894	81413	0.774	1659.3	323.6	c259e7ece9b89d7b3ae80b83cb6916b190069ee0c1db2e107e7c7dab8789ccfc
smackdown2__list_dx_2_dm3_lb.qwd	lb	B	train	5967	87565	0.775	1192.8	318.2	7cd593459cbcc2d55924c8c8c7b96d6f1f1383af1e3ec96c831820225bd94035
smackdown2__list_poc_1_dm3_lb.qwd	lb	B	train	2734	87028	0.742	1346.6	320.4	a1693ef4c70a191263b8c21102d8bd69b63f6fb044e8b25b04d0c4d06cdcaab2
SmackDown3__game_398_defs_-sl-_1_DM3_lhuk.qwd	lhuk	C	train	2447	60260	0.546	966.4	320.4	a993cfaa15b6b7d3eceb12fd1760af311e8973bebe0a2b62b72952891481ec15
SmackDown3__game_517_4K_Twats_1_DM3_liCE.qwd	lice	B	train	24563	87042	0.834	1021.4	331.4	b28f6ee5e190aba1dcaaadf4a4ce80b79bb5c72c29438f10247d96bda6c865c7
smackdown__z_daltons_1_dm3_luny.qwd	luny	A	train	13486	87793	0.982	956.1	325.3	7537f4b095321dfc07abf4eb0a20df74ca5267f24e9fb9233282ecbc5630e821
smackdown__z_daltons_2_dm3_luny.qwd	luny	A	train	12226	88620	0.98	1122.0	321.5	2e59b48fcff64f4c027419f9fc9d3578b3af2469470de2ef0bd72601bae9b79f
quakeworld__CHTV_DBP-Europe_SK-Europe__dm3_QuakeWorld_4v4__m8.qwd	m8	C	train	3713	88886	0.675	1213.0	300.1	49d3d99b6b291d60dc49158ddb17720cef31ace002b4c8992b008b4e596615eb
quakeworld__CHTV_Akademikerna-Sweden_Warriors_of_the_Realm-Sweden_Max_Rebo_DM3_QW_4v4__4on4_aa_vs_wr_dm3_max.qwd	max	B	train	29887	87340	0.872	1170.3	319.9	5d673ccb54debc4c1fbf2f646abd3d9b52a83e0243ff412e0c885404ac6540cf
smackdown2__oc_tfp_1_dm3_max.qwd	max	B	train	16180	86462	0.772	1078.7	320.7	a05444cbb9305aa8147ca510c74505bb69268b57e21340ae608aa9df306f8463
smackdown2__fa_thdm_1_dm3_melt.qwd	melt	B	train	3240	61021	0.856	1470.1	320.0	ea1e979fb4d477c1068de57750e73f6aa078effba2b6481a7aa810a9096220c9
SmackDown3__game_599_CMF_TVS_2_DM3_Mirage.qwd	mirage	A	train	7199	86965	0.986	1329.5	320.1	c2d546fa9bd7fb6ad3b24fa32554b976db6649cbccd50e764e0c2ecc57b9daf2
SmackDown4__game_749__fs__tvs_3_dm3_mirage.qwd	mirage	A	train	7079	87303	0.945	1269.6	323.0	036285450fe6baf6f2549cf7743c5c909db9d0502a833dd99e39c73f9e766d6f
SmackDown4__game_747_koff__sr__2_dm3_miser.qwd	miser	B	train	5939	87092	0.768	1357.2	323.9	1bd4ede91f68f8c1cfd90dffa254792f8e08b85d029df9956894e78b0e8f08c3
quakeworld__CHTV_mix-Cyprus_mix-Cyprus_vreten_dm3_QuakeWorld_4v4__mixat.qwd	mixat	B	train	13500	85911	0.772	825.3	316.0	4933687c65c1588459f6c2df0c7ade193120ea5b57ab7b2ca1e5124f2d3005c8
smackdown2__list_dx_2_dm3_miyagi.qwd	miyagi	B	train	18008	85704	0.791	1203.7	318.9	11fc9df8494f4e6c9712de2ee0a07b63054e00a076b7a46301d913303e2cd271
quakeworld__CHTV_29th-Sweden_mqb-France_belth_dm3_QuakeWorld_4v4__bELTh_[[sc]]_-_[mqb]_4-4_dm3_.qwd	mqb	B	train	20469	86393	0.875	921.6	332.5	b93c73fcabc7fccd185c45ef4f6ba4f11d0555da711143178d427b815a441824
smackdown__c_d_1_dm3_mrgib.qwd	mrgib	C	train	21502	87100	0.461	1154.7	188.0	0505514d2f085082f3868abead9b2c614704797f596a5bc2ab9fe4b860d4a2e2
smackdown__c_d_2_dm3_mrgib.qwd	mrgib	C	train	14435	86704	0.344	1174.1	250.7	6d807490ab7fb570fdb2639166cbb7db2f3b3c9fd86912106888e7bad723bf69
smackdown__cute_cleaners_1_dm3_mrgib.qwd	mrgib	A	train	39341	86655	0.917	1089.8	315.4	2823cc052ddac7c52788465a4bf4d67c7065c3c672f52ad58844f6d807c4e7d0
smackdown__murdock_vs_code_dm3.qwd	murdock	B	train	4891	86825	0.77	1212.7	326.7	8fa4e722d13ef300fdadc441c05a2518b87aeb53f35d2ac7035cd778c969e851
smackdown__na-sd-final-ag-vs-lod-haze-dm3.qwd	na	A	train	7012	83841	0.906	1195.4	334.0	fb68795d5c253d1c437308c4de5efeced45196ab8f3b82a604caba838b9a42f9
smackdown__na-sd-final-ag-vs-lod-snakes-dm3.qwd	na	B	train	11995	79132	0.822	1767.9	319.5	04099127989d789d03a9dfa3d7521d46107b836a9bf62bc62768e4ca1581d014
smackdown2__E_omg_1_dm3_Nalle.qwd	nalle	B	train	18027	86662	0.778	1549.3	270.9	92d3c9bbc7232cdedb89cdadb08d015b5dc8ed2d33accc0282ed94a73d4cff5b
smackdown2__OMG_HF_1_dm3_Nalle.qwd	nalle	B	train	12856	80462	0.76	1041.4	324.0	ce937a80d9b35b47bf41756ab8a1679483a71976aed2003c75e0d62f1f4c235a
smackdown2__OMG_RC_2_dm3_Nalle.qwd	nalle	A	train	16526	86050	0.905	1302.3	320.0	9b86aee08480e0fe8ed9174f43ba23e354da75bb88ffee106df5710435350781
smackdown2__rb_aok_2_dm3_necro.qwd	necro	C	train	5956	87021	0.675	1743.6	327.0	97ec19afbd165c141d7668893c8ea41ecf812917c042d347720a04d78ae7f8b8
smackdown__rb_adm_1_dm3_necro.qwd	necro	B	train	2724	60752	0.732	755.1	327.0	f86d416c452db00c3167aa72921bf411c860aa4d2e10d6817e9b3b9dab22121d
smackdown__rb_fa_1_dm3_necro.qwd	necro	B	train	6573	60722	0.717	1118.4	319.4	e2e2159822ae5b9a8ee5c40f8ee59095bdfb406c837fc54ec13bd1d607011812
quakeworld__CHTV_rpickup-Brazil_rpickup-Brazil_Necrophobia_dm3_QW_4v4__necrophobia_-_[4on4_blue_vs_red]_-_[dm3]_000.qwd	necrophobia	C	train	1481	57630	0.393	657.8	259.9	48cb0c58e5894e049f0d9f77487d944208aab88de213b7ab5454aa3b9829071d
smackdown2__HF_FU_1_dm3_Nepra.qwd	nepra	B	train	9943	86621	0.884	1280.6	323.9	ad8e23604e713063f8d5b0eec0361e4d87dd0b526451e6eb7047170904c382b3
SmackDown3__game_563_THDM_FOAD_1_DM3_neva.qwd	neva	C	train	6975	86356	0.69	1108.9	297.6	fc2bd5663ab5af62d0a5cd4c71a22fb6452461a1f3717d52f1e8d4ea7133f4f4
SmackDown3__game_562_THDM_MaC_1_DM3_Nevamind.qwd	nevamind	B	train	7020	86758	0.71	949.0	319.5	4c260455c4bd8522eb9861e3b1e92453688150dc5d4d16edae1390082a971fc3
SmackDown3__game_596_THDM_PoC_2_DM3_Nevamind.qwd	nevamind	B	train	7305	86500	0.829	1215.8	320.1	f11db132b12e184d717ce2dce8aad3b23d9eaafe8435e05b912d9b57012b9212
SmackDown3__game_606_THDM_FA_4_DM3_nevamind.qwd	nevamind	B	train	8614	86666	0.714	1516.0	320.2	a4f8736cc77c92d20560f5429c11261ac8112879946a210db904f24696add651
SmackDown4__game_726_thdm_if_1_dm3_nevamind.qwd	nevamind	A	train	8662	88743	0.9	993.9	323.0	3c6052e7f6ff04e3622343b16425469c4aac7460fc35fbf6c17aec814e1880c1
SmackDown5__game_776_list_thdm_2_dm3_nevamind.qwd	nevamind	B	train	9122	92099	0.87	910.4	321.0	fdeac39e53d7c08cad4a4d42d6f177059fdd910fa598aa0013efc001b8635d25
SmackDown5__game_844_jams_amd_1_dm3_nih.qwd	nih	A	train	25650	93639	0.931	2041.6	322.6	e7e7940af893ea860586ef22f9d46049d09a0f54f3e7e9eab114a20aa576f1e6
quakeworld__CHTV_Spartacus-Sweden_Various-Sweden_Various_Various_QW_4v4__4on4__s__vs_tot_dm3_nikita.qwd	nikita	B	train	28637	83257	0.712	1366.2	320.4	d86793414e31fe481d9408597567b712019df2cdd23e6d3e79b5852a938b15ae
quakeworld__CHTV_O_Cla_[6]-Brazil_Lords_of_War_[LoW]-Brazil_doob_dm3_QW_3v3__2004-09-10_3on3_low_vs_[oc]_dm3_000.qwd	oc	C	train	1735	93463	0.578	2338.8	319.9	f20a31b1d6988a076b891e64d0db6509ff8c601223327a3cb7b66e662f505405
quakeworld__CHTV_6_-_O_cla-Brazil__Anm_-_Animaniacs-Brazil_memil_dm3_QuakeWorld_4v4__6.memil_-_[4on4_ocla[vs]1]_-_[dm3]_000.qwd	ocla	C	train	7142	94145	0.497	921.9	207.6	52a1608527898861135b07275112bba9905bcdf4ebe98a15dbdbdb61ebfc4c59
SmackDown3__game_433_Quad_TOT_2_DM3_oddjob.qwd	oddjob	B	train	6201	88948	0.859	941.2	327.9	aaa8d2d0036ea37a333e9a2cb7b16f9a1f2edc345e6521a8ccc99a5953632dce
quakeworld__CHTV_Tribe_of_Tjernobyl-Sweden_Various-Sweden_Various_Various_QW_4v4__4on4_tot_vs_e_dm3_oddjob.qwd	oddjob	A	train	13698	89065	0.991	1399.4	319.8	2f3d08bbae0cde20a1b7c509a352d099d5c20d84844e127c4606c3e9002f8d96
smackdown2__tot_para_1_dm3_oddjob.qwd	oddjob	A	train	6009	90195	0.956	1691.2	327.9	7b2f00220cc906c45296ee28c8196bf53c0f1e610904512b25c1929f41b4987a
quakeworld__CHTV_Nine-Sweden_Various-Sweden_Various_Various_QW_4v4__4on4_9_vs_dr_dm3_okkun.qwd	okkun	A	train	41847	97295	0.976	1460.4	319.8	528844f7f05f5f62a6877edf0a51afda1d68497a1b1d88dcbcfb4f369d8d9aa0
smackdown2__foad_mu_1_dm3_orion.qwd	orion	A	train	26059	73901	0.95	1374.5	304.9	e0266ce9711d15cc9fed753e76d54b0e2f1138b024c2689dab4b0c9664b79661
smackdown2__thdm_foad_2_dm3_orion.qwd	orion	A	train	28938	74027	0.925	884.2	184.3	df398bb4f523d6fa1e6bad7ad19caf7fd3d95d694dd8ab02bd51f38c12f409fc
SmackDown3__game_536_MaC_PoC_1_DM3_Pace.qwd	pace	B	train	8317	81836	0.869	1377.5	322.1	e84f5dc9c55abc92be5dd9693ad6a90beaa6200baed34a54230af55d8c6fa4f9
SmackDown3__game_562_THDM_MaC_1_DM3_Pace.qwd	pace	B	train	8438	79848	0.759	1416.7	296.1	837d76191bb4bd1d68a6c5ccd86d09d4fae7f7b866685d9bcf05f533b6a9b2fc
quakeworld__CHTV_Nine-Sweden_Various-Sweden_Various_Various_QW_4v4__4on4_9_vs_uk_dm3_para.qwd	para	A	train	57424	69673	0.987	1199.3	320.8	5dfc10cad0b263107ac9bcbaf659ec6d4126fb6ebf5a15323cf1638f6900999b
smackdown2__para_fu_1_dm3_PARA.qwd	para	A	train	12248	97918	0.975	1206.4	321.0	2d8cfd08b8b7c931cd1eb5833ef6e4804960c4a339422d226aba0f366bb760e1
smackdown__para_smackdown_finals_vs_ff_dm3_2.qwd	para	A	train	19734	86035	0.924	1174.6	323.9	be313db19d6dffdcade11dbf0b6304e93b829e92e1669efc7a3391515abe5e19
smackdown__para_smackdown_finals_vs_ff_dm3_3.qwd	para	A	train	19172	85743	0.935	1165.5	322.6	2881fa0afe5122be23028459776f8c657f6c94649d62d023746178a4c2d26dea
smackdown__smackdown_semifinals_tvs_dm3_para.qwd	para	A	train	35656	87562	0.904	1394.2	321.6	67392d104a9d4f86f1a409d3f462d870653775300c91fa8194d06882408cac8c
SmackDown3__game_600_Diva_]SR[_3_DM3_Paradoks.qwd	paradoks	A	train	9311	86118	0.99	1402.4	321.5	52677727c65dfe2af2be7443f9cb12d930dff3acd12fda60dd6b854d9ce5f9a4
SmackDown5__game_1013_sr_fs_1_dm3_paradoks.qwd	paradoks	A	train	38513	87605	0.995	964.1	326.5	fa4285d1153e4602bf8d6a9bde030ed5e571fa28f34a5a889ef9239e54ea2b31
smackdown__paradoks_e_vs_ibh_dm3.qwd	paradoks	B	train	8409	86612	0.822	1243.8	329.0	abb6e0483c6df9b1b01ded4af8cecda581794e26422c623b0a4e848aca3e5425
smackdown__list_adm_1_dm3_pd.qwd	pd	C	train	5626	73300	0.495	1294.9	325.2	54724b269adb79ddac03e86c8aeaa68744619fb5739808d342a579c0e5346765
smackdown2__cmf_adt2_1_dm3_Peksi.qwd	peksi	A	train	10926	86975	0.984	870.8	319.8	687ac7c9177efdf5ca7a738ab7996249b9878744fd8aac8ff9dda2d2bcdd7700
smackdown2__game_271_E_CMF_2_DM3_Peksi.qwd	peksi	A	train	10229	87854	0.956	1390.2	324.1	9ffdd06c6e482f38eb23476e40da7cf263cee637bf52f5f27446bcd80327f452
quakeworld__CHTV__r_chris-USA_skill200frogbot-Australia__r_chris_dm3_QWCA_Domination__pentandwater.qwd	pentandwater	A	train	3858	5709	0.948	1300.1	319.5	3b5018645bbe2bcdd7447b99894c5a0098654b44f3b2f5fcfe7f5148fb39bc1f
quakeworld__CHTV_peppe-Sweden_NA-Scotland_peppe_dm3_dm6_Quakeworld_Trick__peppe-dm3run.qwd	peppe	A	train	324	1016	0.978	705.3	634.2	2e713bcaa696f9b3595e87c164900b29e0a6d2c939743f6f1449730617b6e1d1
SmackDown3__game_590_ED_DIE_2_DM3_pietro.qwd	pietro	B	train	4475	87611	0.867	963.7	322.7	1725149163740abe0f393e91488728a68233498f2cda50f3d0b92f5d3c5d6cca
quakeworld__CHTV_Dunno-Sweden_Various-Sweden_Various_Various_QW_4v4__4on4_d_vs__s__dm3_pietro.qwd	pietro	C	train	36378	104797	0.677	1964.3	321.4	2ce586b99ab150935931cda082ad64b9c32c0a84421b2a8fbec898372d5d8453
smackdown2__FF_4K_1_dm3_Pietro.qwd	pietro	A	train	6869	89592	0.904	3110.6	327.0	cbb1604dc852721ad289915b4fd05f4811b7c8616b774657e3a5e9d0ecf222f8
smackdown2__FF_4K_2_dm3_Pietro.qwd	pietro	B	train	4145	86967	0.896	1287.7	331.2	8ffda5d6b4f136ed8c7c9b311628898b92aeb092ab39a983e92851797e8b626a
SmackDown4__game_718_sa_msr_2_dm3_porto.qwd	porto	A	train	7445	86744	0.934	1479.0	328.1	b984a3e0c13eca33c9372fc0f576fdb9d797e010f2b3e524db291a987ea7869b
smackdown2__aok_lies_1_dm3_povo.qwd	povo	C	train	8688	87484	0.318	1874.6	321.7	04dd89776fb73e9d11dde82dec6b7fd847dd16ca28415d23acf93f6686a04733
smackdown2__azul_aok_1_dm3_povo.qwd	povo	B	train	10604	86496	0.75	1210.4	311.0	d0fbab06e6482f54172d53f3778bd26d7c153f56f78ed7eec9522065b8f73bc3
SmackDown5__game_1021_otas_dx_1_dm3_povohat.qwd	povohat	B	train	7126	86785	0.875	2634.7	326.0	95c7f0ee15a96b6845b0c6c91935201ce9d41ed7b70fc55b96f434a4d88f36a3
smackdown2__azul_lies_1_dm3_pricide.qwd	pricide	B	train	16081	86081	0.882	1325.9	301.8	175a9d54424cc9a374bb9e1fd0bf68cabbd420b42095b3058c68296bc1f9ae77
smackdown2__ToT_AMD_1_dm3_Psycho_Dad.qwd	psycho	B	train	6436	86808	0.885	1359.5	329.0	0afbe7b033eead7495d0404d4075115a95ee21bee9f1027a4a3e8ba9f6d4af8b
smackdown2__tot_para_1_dm3_psycho_dad.qwd	psycho	B	train	11264	84731	0.899	1104.4	266.3	ee807c50e32fb258514059a2c68c72fcb6c2ad34ecafc5e05d2a076d23071876
quakeworld__CHTV_Seco-Brazil_-__Dm3_QuakeWorld_Trick__pulorlz.qwd	pulorlz	C	train	86	499	0.483	528.4	308.0	8215807d2aa28afb7fb3d8f09129715e5cc11bb1bb496f2a2723d367a2dbc4d3
quakeworld__CHTV_FiringSquad-Europe_Qandrane-Europe_fix_dm3_e1m2_QuakeWorld_4v4__qand_vs_[fs]_dm3_03-10-12_000.qwd	qand	A	train	12769	93146	0.932	1122.4	326.8	ecf848ff036eff97cea3eda127a89be66be992f879479cd3a7f24a7d7d2443d0
smackdown2__dn_v_wfb-dm3_rags-_sd2_.qwd	rags	A	train	7186	86760	0.984	1556.8	343.5	65d9f1a3952b39a0af4a2afc9c705b4bb98c047e13929df7119d689e590953c4
quakeworld__CHTV_BogoJoker-USA_KovaakSassaSniperZef-USA_me_various_QuakeWorld_Trick__dm3_raremix.qwd	raremix	A	train	794	832	0.989	574.2	373.0	4204840a928fa431ca1d0688b38b093d8576303acab4d7efe185d294d5846318
quakeworld__CHTV_BogoJoker-USA_KovaakSassaSniperZef-USA_me_various_QuakeWorld_Trick__dm3_raremix2.qwd	raremix2	A	train	249	386	0.987	647.1	387.0	52027ebfb2e04759ef6992803a533cf9b7645290b01f59c870a7e67e25605cdf
quakeworld__CHTV_BogoJoker-USA_KovaakSassaSniperZef-USA_me_various_QuakeWorld_Trick__dm3_raremix3.qwd	raremix3	A	train	812	840	0.989	440.0	327.1	877d256fb5eeb6e6567a2b14b3328fb76f3c63086299b561ed71d1b2b1f5bccf
smackdown2__FF_D_2_dm3_Rat.qwd	rat	B	train	4691	91159	0.859	1288.3	325.3	e6012dfa9ac6431332b51d9835fce4f52f2d9be9886dd5d91bc0c2a69089ced6
smackdown2__chtv-smackdown2-daltons-vs-firingsquad-dm3-rat.qwd	rat	B	train	11066	88675	0.892	1492.8	322.0	c2ffddd6dc72e60e3b1a5fc36aa5324431c4b39c458055cc98b83b44fe008312
smackdown2__chtv-carnage-st-vs-rb-dm3.qwd	rb	B	train	3627	40414	0.829	1252.4	321.0	c37b9f3dc5b1d02d97203956e20195b2286ee6bd20cb22c99df3e41bacbe9a56
smackdown2__OMG_RC_2_dm3_.qwd	rc	B	train	7721	87253	0.874	940.0	321.9	eaae10320c87d8654714611f53ce3671c8ecab2fe95095e97c7c0461068ff954
smackdown2__foad_rb_1_dm3_reign.qwd	reign	B	train	5521	86742	0.735	1012.4	325.2	7bb8da09afd7526d4178deff6b6034d91dcdf80a6e82ed1b7eb5e42b2ad15b39
quakeworld__CHTV_BogoJoker-USA_none-USA_BogoJoker_various_QuakeWorld_Trick__dm3-remix.qwd	remix	C	train	65	654	0.59	592.9	464.1	ae6e45a0c13fe9ea9de9cd6f28d76651e314a2e3f40fef828f1435bed0308fd4
SmackDown3__game_502_4K_FS_1_DM3_reppie_.qwd	reppie	B	train	8983	86965	0.799	1663.7	323.7	139d96bf34cbcfa158c5cb85a2f008655dac2ff5492f8fb4ee14425400444846
SmackDown4__game_650__fs__jams_1_dm3_reppie.qwd	reppie	B	train	7446	81658	0.816	1725.7	330.0	138f708a0fec3a70dd95bab199ff8c80bf1bc0a8850e097f22ecdeef2aa20fc2
SmackDown5__game_919_ted_fs_1_dm3_reppie.qwd	reppie	A	train	6980	86635	0.964	1231.1	331.0	c89b4d3afe6c9091e4dbe1a8c8e21f07312ce92f0a97d56434c7947165056fc1
SmackDown3__game_428_ED_DEATH_2_DM3_reverend.qwd	reverend	A	train	8293	87430	0.983	894.5	320.1	9143bf6a0a64621ec714b7cdef69ca6f46c0879a80d6cc6043cb7f1f0c0ac0cd
SmackDown3__game_593_ED_OC_2_DM3_Reverend.qwd	reverend	B	train	21900	87467	0.768	1068.2	321.6	b31f3b1da1dfc8017dd12dff11bafa228ca75d93f913479e4b334d9338fac5f7
smackdown__orb_pq_1_dm3_reverend.qwd	reverend	A	train	75705	86017	0.943	983.9	327.0	19e7faf00cb0f8c1bc2a781974600407ca1d96ae58c017003a028ca054853583
SmackDown5__game_901_cb_fs_1_dm3_rippie.qwd	rippie	B	train	9329	86818	0.837	984.3	325.3	f554c54b11ffcfa8166317f8dfa3c207b88605dc2441f46d0b3c1c1250a65a10
smackdown2__fs_wxo_2_dm3_ritual.qwd	ritual	A	train	13812	86459	0.98	1091.5	321.3	00c43ac6c4e7bd62d0c2f0793a289d1b08576d2c334eee47d7059e93c6f4a276
smackdown2__koff_spas_1_dm3_Roscoe.qwd	roscoe	A	train	7706	87894	0.921	1250.9	324.0	da410fff43d360f4307139d0faa3ef36d0f16299398320d34610a7aecaf923fb
smackdown__Goljat_e_vs_ff_dm3_round1.qwd	round1	A	train	9812	89706	0.916	1219.0	320.4	f6e6e6c8a4cd16eca5f5117fa6a93943008504a83bfa366ac0e69b9ff96b76d8
smackdown__Goljat_e_vs_ff_dm3_round4.qwd	round4	A	train	9888	87053	0.921	1165.4	321.0	d0c3db815e6a1e90fae9a147bf750d1b63a94b9296b3a2b2e9d008a00b30ff9c
smackdown__Goljat_e_vs__ff__dm3_round5.qwd	round5	A	train	8514	87980	0.931	1412.0	325.5	d7b57b1fc71019701076001e7ebfc50c9ab6a0ebf0f80293021ad5bc23f12db7
quakeworld__CHTV_RST-Brazil_LOW-Brazil_overflow_dm3_QuakeWorld_4v4_1__rst-low-2.qwd	rst	C	train	1791	88522	0.375	880.0	226.9	38e6f02b0e81d3995e65a1e080c12e39027464b80f6a5ec79c8bdef24e58b383
SmackDown5__game_870_trash_-tf-_2_dm3_rush.qwd	rush	B	train	13864	93233	0.776	2437.7	319.5	71e06f5f7d60ca437f07aa4662a6dabd5e36aeb9a66c0280c0582f41b93a5b0f
SmackDown3__game_325_SAD_IK_2_DM3_sANDYMAn.qwd	sandyman	A	train	32984	86488	0.944	1265.1	320.4	dad42a08cdabd81b429de155706f622a472a29c9035fc3aed50538ef09631631
quakeworld__CHTV_Maniacs-Sweden_Numeric-Europe_Sassa_dm3_QuakeWorld_4v4__sassa_[[0]]_-_[_]_4-4_dm3_.qwd	sassa	A	train	80973	92876	0.993	1376.6	313.4	50a84fac0f7d40fe328f24c52dd427842a1085fb42ba796e0b4d6e26f7e2d0bb
SmackDown5__game_820_koff____1_dm3_scenic.qwd	scenic	B	train	5101	87432	0.79	1290.1	342.0	ee956d2194163fd9811349ebfba923716645df1a3bb175d0f5b4569692dab7d6
smackdown2__koff_adt_1_dm3_Scenic.qwd	scenic	B	train	14470	95646	0.798	2093.4	319.9	bcc3d77b291fe36c88ea8d1190f4c51612b575fdf22273464ab285e0bbdcaaee
smackdown2__koff_dn_1_dm3_Scenic.qwd	scenic	A	train	9521	87585	0.923	1175.6	321.4	1f27339c107c977af5615ea0c67611e051a2a163666ca032e2dfda27c0d7db47
smackdown2__Janus_omg_vs_tot_dm3_sd2_7feb01.qwd	sd2	B	train	13959	86956	0.792	1185.0	319.3	17a092644a8e01c44122e25a35dd8edc10b75465b6c4d0803d17125824f48486
SmackDown3__sd3_cano_x_vs_ag_dm3.qwd	sd3	B	train	18598	86511	0.731	1261.1	326.0	20f99c0a5e7d654872582250a4450d7da5391f43550d7f201f6070b299b2a1ad
SmackDown3__sd3_clown_x_vs_ag_dm3.qwd	sd3	C	train	3580	86363	0.658	956.7	321.0	eeb2dc43ac678695e471f3bce207b79544c96c533fd51c15fdbeac33494bc04e
quakeworld__CHTV_Slackers-Europe_Firing_Squad-Europe_]sr[_dm3_QuakeWorld_4v4__Gamer_]sr[_vs_fs_dm3_sfinal.qwd	sfinal	B	train	24336	93435	0.88	814.0	325.1	a09d76a1515afacef11a9094c3e6c53d76446a2eda1288e39cf034991d629934
quakeworld__CHTV_Slackers-Europe_Firing_Squad-Europe_]sr[_dm3_QuakeWorld_4v4__ParadokS_]sr[_vs_fs_dm3_sfinal.qwd	sfinal	A	train	78800	91049	0.985	858.5	327.0	b1513112159cb6c4fc8918d6be96390c5da2149edf404244c9eb5ad96b3d4b4d
smackdown2__ic_list_1_dm3_shad.qwd	shad	B	train	4776	86546	0.872	1158.5	321.6	669ef114d8bc52a87a57670bbb7bfb101bc4a7fb841fadb7c058539446d610b2
quakeworld__CHTV_Tribe_of_Tjernobyl-Sweden_Various-Sweden_Various_Various_QW_4v4__4on4_tot_vs_e_dm3_sibbit.qwd	sibbit	A	train	9609	86846	0.985	1349.2	330.6	e8fc33055c7c7721a48fbd7e4db1758aa0c7eeb69fdbdcf5012f984160180bbf
quakeworld__CHTV_Tribe_of_Tjernobyl-Sweden_Various-Sweden_Various_Various_QW_4v4__4on4_tot_vs_tvs_dm3_sibbit.qwd	sibbit	A	train	6468	86567	0.98	1811.8	328.7	8364818a49cfb78e07cfc1c2242025020bed9e28ed5d0a3b8048221a04df1aee
laker__sc-sk-dm3__sc-sk-dm3.qwd	sk	C	train	7468	81413	0.527	1193.6	319.5	dc5cb12ea45f961b6f580e8ed5156bd2d3c58d940788dcfb06dc4275d654c565
quakeworld2__sk_vs_187_dm3__sk_vs_187_dm3.qwd	sk	C	train	1097	75095	0.242	463.0	228.4	4919a8be69286828be5d10e15ffcf7997d3c84a0b65ad6096ca1c16e6a71c170
quakeworld2__sk_vs_nine_dm3__sk_vs_nine_dm3.qwd	sk	B	train	6657	58158	0.711	992.0	321.0	c6d2e04417a266046027a45ee7d999720a7ec1b1670503700de760e8abf5f3dd
SmackDown3__game_440_TOT_WR_1_DM3_Slabby_voice_.qwd	slabby	A	train	12854	88815	0.982	1340.7	321.9	b70233dbefa7f06dad8bddc6abf12cd21e4c92f43ab24ca40fd5d7d4503a7536
quakeworld__CHTV_Tribe_of_Tjernobyl-Sweden_Various-Sweden_Various_Various_QW_4v4__4on4_tot_vs_wr_dm3_slabby.qwd	slabby	A	train	12854	88815	0.982	1340.7	321.9	b70233dbefa7f06dad8bddc6abf12cd21e4c92f43ab24ca40fd5d7d4503a7536
smackdown2__tot_omg_2_dm3_slabby.qwd	slabby	B	train	10168	86166	0.828	1339.0	319.0	fd5c7e45ba76145f547a99ff8de9fc5d598277f3355eefaa5f2c8fc87acbbbd0
quakeworld__CHTV_---slayer-None_trick-None_124_fov_-_first_person_dm3_QW_Trick__slayer.qwd	slayer	A	train	1048	1959	0.978	778.2	531.4	1a5bfe546dc0689609f133763fc21e0459168842ee80db1e996f6e1f74ca2512
smackdown__e_cmf_dm3_smackdown.qwd	smackdown	B	train	9507	86405	0.77	1318.6	327.1	7e0b06fdc6f9890a06b6e240905395013f786ecf38f6f704ee3f79e84fa868f8
smackdown__fith_vs_5_dm3_het__smackdowngame1.qwd	smackdowngame1	C	train	9577	87005	0.57	947.1	319.3	cd5580e4b6b75fcb59c7ebc249d4602075e9b9839a6403130631d007204c033e
quakeworld__CHTV_Hard_Guns_Crew-Poland_Clan_Osams-Poland_MVD_DM3_QW_4v4__smid.qwd	smid	B	train	7109	87372	0.7	1247.7	321.5	3250dcfa8d9ba8729420ec779956f4b3252bcecab2b4e35da2e0ae2beededac3
smackdown__ag-vs-fith-dm3-1-snakes.qwd	snakes	B	train	15808	80309	0.814	1407.5	320.6	814ef88a3833942181f4f5784cf6d1035bfec27198781d00eeeb236155b91f44
smackdown__ag-vs-fith-dm3-2-snakes.qwd	snakes	B	train	15446	82063	0.815	1358.1	288.0	e034a46f6e6c8c77661d485f7d9f5394a40f1f17d8c26ef4d167467a74a585a7
SmackDown3__game_562_THDM_MaC_1_DM3_Spice_POV.qwd	spice	C	train	3935	86682	0.614	977.5	331.5	2ec93c7dd89103451343482d9abdee6c1102a4bd67bd2b4b4ebbd590c3bf0811
SmackDown3__game_606_THDM_FA_4_DM3_spice.qwd	spice	B	train	6521	86136	0.756	1312.0	326.0	52b6340dd569334a499a2dd4ab3e15f177acda67cdd3ff0790177848154d62bf
quakeworld__CHTV_Nine-Sweden_Various-Sweden_Various_Various_QW_4v4__4on4_9_vs_e_dm3_spice.qwd	spice	A	train	64105	85325	0.923	1110.1	328.0	4170b931224ff2ec6144d3946e5ade316ce8af3247d508e977c4c8bf34b6834a
smackdown2__fa_thdm_1_dm3_spice.qwd	spice	B	train	7381	87640	0.845	1013.0	327.0	504aa50c5249496d256fc3972afa2180786dc7e7149e8a897f689e9ad70d0e43
smackdown__fa_adm_1_dm3_spice.qwd	spice	A	train	30180	87221	0.932	999.1	331.6	b6afcae2bcafdc2dad7522c567dfc790817a199fe048417c0af29c2d97f20dbd
smackdown__fa_list_1_dm3_spice.qwd	spice	A	train	30133	86516	0.937	938.6	336.0	9f3a8a3aed2a775655026048fde156b64ed05ddcadd2cfa238aef5b961963a35
smackdown__rb_fa_1_dm3_spice.qwd	spice	A	train	42328	86966	0.948	1265.8	236.4	f2e4a5f051467392754d0a56089cee0dc0f851a3438be27da8db4aaa95be5684
smackdown2__chtv-exoduz-rb-vs-st-dm3.qwd	st	C	train	10806	87015	0.607	1289.9	266.2	5296488e122dfd97a4533fbcb79b577dd23cd479fb59672b67c5e7a3806a9141
SmackDown4__game_690_wr__sr__1_dm3_striker.qwd	striker	A	train	5714	91141	0.949	952.5	324.3	1f1953f9cb0a9c50efa7569e6ad4832e15b17e3f851ef1955157a17baed8e991
smackdown__l_hf_dm3_swe.qwd	swe	B	train	20522	87108	0.851	1237.2	320.7	2484f0d7f11ad2dd9d98a9844e3461d2f9d623a51b0441715822c2ba17fa4690
smackdown__d2d_list_1_dm3_syco.qwd	syco	C	train	1722	24517	0.263	1396.1	292.4	250d62fed447ccebbd7942e1c73a6adc48b35d1ea841e30b3353be01c9214570
quakeworld__CHTV_RoT-Portugal_TAV-Portugal_all_dm3_QuakeWorld_4v4__27-06-03_nitemare-rot-tav_dm3.qwd	tav	C	train	6207	90490	0.371	1257.5	320.3	03e8772bf9669bb2a3aa85ff347e20350a5c8b7c346b014215356fb8a475b9c3
quakeworld__CHTV_RoT-Portugal_TAV-Portugal_all_dm3_QuakeWorld_4v4__27-06-03_ztranger-rot-tav_dm3.qwd	tav	C	train	14618	81732	0.674	1413.0	319.8	76e2310db73cb5b3475ff2e4c14c61fa727c7e6c7637be5b29d96f25c950adf7
SmackDown5__game_844_jams_amd_1_dm3_telly.qwd	telly	B	train	18040	94216	0.804	1282.6	326.7	b2e96be56ddc8428155101ada9f20558e40bd335616b43c9e1c4d6626164fa3d
SmackDown4__game_658_z___3_dm3_thechosenone.qwd	thechosenone	A	train	32252	88002	0.932	1106.7	324.7	a9cdc6e4235d351de0cab40b1e65b0f38352045458679918d86dc7111b7dd465
smackdown2__E_omg_1_dm3_TheChosenOne.qwd	thechosenone	C	train	10341	86084	0.633	1311.1	322.3	4f99fe2e557326126ba7862d1b31023ce3675934e47e10da93845e525926d9ba
quakeworld__CHTV_The_Pooh_Clan-Sweden_Various-Sweden_Various_Various_QW_4v4__4on4_tpc_vs_sc_dm3_tiggr.qwd	tiggr	C	train	681	78691	0.533	907.4	319.5	2aeacc97b9bea0a2d69419fcbbdb082614efa766b24078669775066fc7548da3
smackdown__tot_capcop_tot_vs_cmf_dm3.qwd	tot	A	train	10099	86837	0.988	1408.5	324.8	b6abc42282a5027d113ddc5424a34f0a20d9bbceb6ce7424659084555b1f3884
smackdown__tot_oddjob_tot_vs___e__dm3_2.qwd	tot	A	train	13698	89065	0.991	1399.4	319.8	2f3d08bbae0cde20a1b7c509a352d099d5c20d84844e127c4606c3e9002f8d96
smackdown__tr0n__L0D__lod_vs_sah_dm3.qwd	tr0n	B	train	6909	79650	0.797	1145.6	298.4	2964c42761ee7d584a1311b32da7a8c9464c84c4b3a697fe6323cece857f44aa
smackdown__tr0n_______l0d__lod_vs_5_dm3.qwd	tr0n	A	train	12663	83137	0.956	1539.6	244.8	f38cbc9ae7535edbb5f1f78822c889240f111994005ae834136e3b265c0ddb5c
quakeworld__CHTV_CAMP-Sweden_NONE-None_ETA-BETA_DM3_QuakeWorld_Trick__dm3_trick.qwd	trick	B	train	1427	4870	0.884	723.7	270.2	c2476a0ecc1d488aa604c7ab86e4271e54ad4d4620ea23ffccbaacb1f31616bf
quakeworld__CHTV_kimbo-Sweden_none-None_kimbo_dm3_QuakeWorld_Trick__trick.qwd	trick	A	train	3951	7341	0.967	552.5	141.3	bc592f314bb5da77f5d45db633687c0ed1ed6d6c587c09703e8e4533399516c2
quakeworld__CHTV_the-interceptor-Sweden_trick-_the-interceptor_various_QuakeWorld_Trick__dm3-trick-02.qwd	trick	A	train	549	550	0.998	532.2	435.6	697c7bf6a7a071a72522db9b02d4f881b6d9d20956d47695a41726cce41439c4
quakeworld__CHTV_ApoKaLypZe-Sweden_various-Argentina_ApoKaLypZe_various_QuakeWorld_Trick__dm3-trick1.qwd	trick1	A	train	375	425	0.998	685.4	640.1	b10917c933e056d4c924b55f8f47aeaf10dc50e1fdc5c829f7c76a475ad522aa
quakeworld__CHTV_Newtov-USA_Trick-USA_Newtov_DM3_QuakeWorld_Trick__trick1.qwd	trick1	A	train	458	1625	0.995	624.1	492.5	f897ae5c0462bdacb89f26c335ad3e39fc11d228730dab8f606ea88033e628f3
quakeworld__CHTV_Newtov-USA_Trick-USA_Newtov_DM3_QuakeWorld_Trick__trick2.qwd	trick2	A	train	394	773	0.994	548.0	446.5	273e01d7c3b02e0b16c1064a4d6407d2465de548dc666cb08818efbfcab5fb31
quakeworld__CHTV_Newtov-USA_None-None_Newtov_Various_QuakeWorld_Trick__DM3_trick5.qwd	trick5	A	train	408	479	0.987	674.1	455.9	2a146369734533d2a8d7de838ea28d8e52154e38f6b6d95a60f3827b602e3077
smackdown__smackdown_semifinals_tvs_dm3.qwd	tvs	A	train	35656	87562	0.904	1394.2	321.6	67392d104a9d4f86f1a409d3f462d870653775300c91fa8194d06882408cac8c
quakeworld__CHTV_Maniacs-Sweden_WH-Sweden_tyrone_dm3_QuakeWorld_4v4__4v4_wh_[vs]_[0]__dm3__tyrone.qwd	tyrone	B	train	11539	85751	0.747	1007.1	320.0	4b41515e1b9849edf4511bb2a1edab447a3f2b2ec5898515c457053d692b2aeb
quakeworld__CHTV_mix-Europe_mix-Europe_tyrone_dm3_QuakeWorld_4v4__4v4_1_[vs]_4k_dm3_tyrone.qwd	tyrone	B	train	9930	62452	0.805	1726.5	307.3	d7a90859d0014a7d76e55b1a5995f8e9fb43d2f0881625f5ec9fd395e8d56924
SmackDown3__game_349_Quad_CRC_2_DM3_uig.qwd	uig	B	train	9356	86579	0.866	2215.4	327.9	7d6e0b7b775c4eee154fe91a1463f803b42e162828cd0e445b8e024376a2522f
smackdown__gds_adm_1_dm3_uther.qwd	uther	C	train	9869	76283	0.536	1203.5	288.5	243df0a9b7ce4acb8d79cf41bf5f6f5bbfa9362bffa5dcbae61eb29674001f30
smackdown__gds_adm_2_dm3_uther.qwd	uther	C	train	12467	76556	0.527	980.6	287.6	7d14e71d146ff58f99b1a9d3876854d726a2bdb31067db1089e3a97bf5ccdbb1
smackdown2__[E]_n0skill__1_dm3_Vana.qwd	vana	B	train	10569	90880	0.778	1282.3	320.2	fe684c3534398c10593d2c0c43321619fe8d0c8c3af047148b6f8ca441e54507
smackdown2__game_271_E_CMF_2_DM3_Vana.qwd	vana	B	train	14435	87582	0.778	1459.9	319.5	bce1433279b082997616122aafcb0cb766e11c5351c46adba1eedec72f9bc066
smackdown2__vana_e_vs_para_dm3.qwd	vana	A	train	13213	86918	0.915	1292.2	319.9	3714fd1434c8c05407fa98af94e8d3801d9fc3fbe3ebcade1c79f8cfbdf08016
smackdown__vana_e_vs_ff_dm3_1.qwd	vana	A	train	11822	86886	0.978	1711.0	319.5	864c478743988d23d4a1bc4fbe0191102f6fe73990aa7c4739e7647458f8f95b
smackdown__vana_e_vs_ff_dm3_2.qwd	vana	A	train	12714	89555	0.978	1597.2	318.8	0cb7e86b1ca7ec50777de35420552afb2abe1f2fb539bf80e4aefc94111f09ad
smackdown__vana_e_vs_ff_dm3_3__vana_e_vs_ff_dm3.qwd	vana	A	train	8316	67634	0.974	1240.5	319.3	113136db59e0a397ac3246987ab4943caa77d21817c56b2b60457269ad10a2c1
smackdown__vana_e_vs_ff_dm3_3__vana_e_vs_ff_dm3_12.qwd	vana	A	train	3343	21697	0.974	880.4	278.7	c7750aca8f15fea8142418c9854b1819cb908371448c178d1b048b8553b0b80c
smackdown2__cmf_ns_1_dm3_vert.qwd	vert	A	train	9607	86984	0.979	1362.9	320.9	f1422e11e42b58c4b2ffd2215c975825056b3f48568f35188f2e32c842b6c330
smackdown2__cmf_plg_1_dm3_vert.qwd	vert	B	train	12748	85766	0.865	2203.9	319.1	99baba682b4ff2adaa90515595952ab849ce6ca20a828f7ce43ecc4f33685207
smackdown__amd_sas_1_dm3_vovik.qwd	vovik	C	train	18320	89426	0.655	1283.6	319.4	0f44b6e832c8a874f8d385252f1b653259720d177f1a0560251363cd74e6d5a4
smackdown2__chtv-smackdown2-eg-vs-5-wang-dm3.qwd	wang	B	train	49509	98700	0.894	595.7	223.4	b9237efec2e47e231abe5c7d05601f1c6c1c207668797d7cc2c1be8d26865133
SmackDown4__game_721_msr_gs_1_dm3_wart.qwd	wart	B	train	4239	87273	0.825	1119.5	330.4	67e97e1b14cd5118a4b0edc0047736db611ede94af22a4927faafe4bd44e273a
SmackDown4__game_730_db_msr_3_dm3_wart.qwd	wart	B	train	2744	87649	0.836	1444.7	328.4	a7d28af6935a0dd3c36c2241c628726fe522f376902baa96b7ba1559e10e20b9
smackdown2__azul_aok_1_dm3_wart.qwd	wart	C	train	4330	85515	0.663	1323.5	324.8	623b8354ffe3d678415305927795d7820c78c4b5b1884a955e6a5b905c268c44
smackdown__fa_adm_1_dm3_wart.qwd	wart	B	train	102	28490	0.73	1552.2	325.0	51b0669dbcf1984a047becc7e7c8c547b0d207e5e7a6db53714abdd6e4cd69dd
smackdown__gds_adm_1_dm3_wart.qwd	wart	C	train	653	28948	0.613	1084.2	325.0	2b178a517a26044ffee1cb3d2dbd44e461c509d28906da2e23cd49a653a5f4f6
smackdown__gds_adm_2_dm3_wart.qwd	wart	B	train	479	29119	0.71	1366.3	321.7	912f361bd8b61c987f43bd495112943369e74698b1339a2433732703a7b109ce
smackdown__list_adm_1_dm3_wart.qwd	wart	C	train	354	28135	0.539	1236.4	323.0	879aa787e6f967d8da63cf8894c19f5b034215eccd16bc173def75f49dab0c92
smackdown__rb_adm_1_dm3_wart.qwd	wart	B	train	675	28361	0.787	1404.5	323.2	ceffcd85e726a902f37144f0dd2008d5bb54f6123d93bff658a3d0b31f435cab
smackdown2__ritual-wxo-dm3.qwd	wxo	A	train	13812	86459	0.98	1091.5	321.3	00c43ac6c4e7bd62d0c2f0793a289d1b08576d2c334eee47d7059e93c6f4a276
SmackDown3__game_600_Diva_]SR[_3_DM3_Xalibur.qwd	xalibur	A	train	13734	86581	0.971	1380.5	319.8	b86d4cb7be1d9b313679bb4b7fac4b8b368565d1c6e16b86660ea6b2b9987984
SmackDown3__game_441_OMG_AQ_2_DM3_xxx.qwd	xxx	A	train	27419	89683	0.912	1392.6	323.1	bfdaad371fb082244543e8211c2b8d23a30215bcc9c7799077014c8e048bf66b
quakeworld__CHTV_mix-Sweden_mix-Sweden_Sassa_dm3_QuakeWorld_4v4__2003-12-23_blue_vs_yell_[dm3]_000.qwd	yell	B	train	12802	92665	0.82	1152.7	333.3	48f3a5fea241a4f7a504f2e1a3c26ab3ab9bc90961cd0190a92807ddace0cb08
smackdown__pietro_z2_dm3.qwd	z2	A	train	9165	87485	0.967	1663.2	311.0	682f7d9cba2d40aaef3938874f3419c422f3a71258e89efe7aa7fd98899c72d6
smackdown2__game_258_ANTX_defs_4_DM3_Zip.qwd	zip	C	train	5423	59997	0.561	1465.6	321.0	f0ade848a50134961dfd4b60a6afac6dd2c938ef2a0175396603929ce382588f
quakeworld__CHTV_Medievel_Spawns-Sweden_Various-Sweden_Various_Various_QW_4v4__4on4_mvs_vs_np!_dm3_zodiax.qwd	zodiax	A	train	39932	84531	0.94	1182.2	319.1	a90d4b8678fd6e1f84e452ddd99f1249dd411869b26805b8de1d084df9a5d5d2
smackdown2__4k_dsg_2_dm3_zommy.qwd	zommy	A	train	9486	86626	0.981	4403.9	322.6	7fe303873473f3c4e7d5ff77b17e47049a058627756d3d56977d2b1bae43c680
quakeworld__CHTV_Maniacs-Sweden_Zoo-Sweden_Sassa_dm3_cmt4_e1m2_QuakeWorld_4v4__04-04-02_[0]_vs_Zoo._[dm3]_000.qwd	zoo	C	train	1539	90943	0.583	1744.5	320.0	479c280e96204bc51b57641c026367e3d07ed4bf9652d16f83d007c9b04822f6
quakeworld__CHTV_FiringSquad-Europe_Zetor-Europe_reppie_dm3_QuakeWorld_4v4__reppie-fs-zr-dm3.qwd	zr	A	train	7793	87243	0.927	1004.6	328.1	91220325435c6d97cc7b75bfc1218f310cbb3d6e8a7a1a5691e9ecdc8607b545
quakeworld__CHTV_Die-Brazil_Die2-Brazil_Die-Karioka_Dm3_QuakeWorld_3v3__die_karioka_[yell]_-_[blue]_3x3_dm3_.qwd	3x3	C	val	7118	86725	0.541	1248.5	327.2	969cacb205a2cb3f26579d20404a4af1b3651cc313c377d71acbc14c7fa97c94
quakeworld__CHTV_The_Pooh_Clan-Europe_Swedish_Chefs-Europe__DM3_QW_4v4__4on4_tpc_vs_sc[dm3].qwd	4on4	C	val	681	78691	0.533	907.4	319.5	2aeacc97b9bea0a2d69419fcbbdb082614efa766b24078669775066fc7548da3
smackdown2__list_dx_2_dm3_aircon.qwd	aircon	C	val	3836	82314	0.696	1237.2	323.9	f603ce766e62accb5064e5f70831cb2267b907eace4997255a4b2f562a715a5c
SmackDown3__game_446_OC_OMG_1_DM3_akke.qwd	akke	A	val	8020	86292	0.922	929.3	329.1	2b683e2b0265edf3a1dff10e889d874c68976a5f42b21681cda7aef117253efa
quakeworld__CHTV_4ng3ls-Portugal_TAV-Portugal_all_dm3_QuakeWorld_4v4__11-07-03_trinca-tav-angels_dm3.qwd	angels	B	val	32436	88650	0.881	1854.8	247.8	2155a1f2c3623c323aaa5dacdbc7759582fd86518f61fb2bc4ba67403880468e
smackdown__rb_fa_1_dm3_astro.qwd	astro	C	val	11579	92782	0.522	1402.7	299.8	93a90e0db9f2b5747c02f3420d45887db4074d0647bc599cdca99eb293bf370d
SmackDown3__game_589_OMG__L__1_DM3_baby_roo.qwd	baby	A	val	12935	86256	0.969	1094.0	320.3	7ba9c6088d04e631f761fa2223b58fb236e9387519a490ad5db1ce2ca467e907
smackdown__l_tfp_2_dm3_babyroo.qwd	babyroo	A	val	31962	86308	0.918	1409.7	321.4	1f47ce83818de238c396fb299b1990d6bf7096b4e551d6f7a6552134ba640501
smackdown2__fa_poc_1_dm3_beasil.qwd	beasil	B	val	8569	93302	0.839	1925.1	331.3	02d1c9fa1b45b1b98bfba21202276ff11cfc54210efa2170b514bdf38c81b6c0
SmackDown3__game_471_TVS_WR_1_DM3_blAze.qwd	blaze	A	val	12848	86900	0.992	1084.5	320.2	985a35411d0cf97de5ddf15de56dbd57a4986d71a7e7cb2d4317a6b0569e2d04
SmackDown3__game_443_DS_OD_1_DM3_buggy.qwd	buggy	B	val	11173	86185	0.737	1014.7	320.0	c6076153c8c9d72bca2c377489fbb6ae91407c5923545ee2f23420585fb6afcb
SmackDown5__game_942_re_-ib-_1_dm3_cara.qwd	cara	A	val	26727	92349	0.987	1428.4	319.9	556491602482a1110a343d044619bf15f4d721d0b5643d143a3c57858abf4cf0
quakeworld__CHTV_BogoJoker-USA_none-USA_BogoJoker_various_QuakeWorld_Trick__dm3-cool2.qwd	cool2	C	val	63	557	0.542	530.2	392.4	08de5660fd3a3ab156df4fba7ac7565c34b2973579e29900f13a68723b67fb77
smackdown2__crit__fs__vs_tfp_dm3.qwd	crit	A	val	9087	87264	0.937	1659.1	339.4	932bf0ff916e1798aa2da16da5af43540753640ad1b972d70e93bf30ee3f8d76
smackdown2__crit__fs__vs_wxo_dm3.qwd	crit	A	val	11074	87237	0.924	1202.0	328.9	d2ba842a0137ca0724c1dcd44621bf639730a021817a0048ba6906384d9731e5
smackdown2__FF_OC_1_dm3_Dag.qwd	dag	A	val	10048	88687	0.966	3535.4	328.5	553bd877efc75f4c9ec8e9438f47e0e930770d44c52aa82a7abf5f75e772805a
SmackDown3__game_559_FOAD_PoC_1_DM3_darkone.qwd	darkone	B	val	22654	85525	0.733	1353.2	313.9	0aa6b6d5574e021b8afb3fe53e1f0d148822659aaf0b11ecaef0b7d9d089f99f
SmackDown4__game_724_list_ao_2_dm3_darkone.qwd	darkone	B	val	10358	88339	0.898	1198.5	324.4	f0d7021a6558bddc80a5cabee7b4c3c9db5f81aa44d63dfe0252358e4c488f25
quakeworld__CHTV_Spartacus-Sweden_Various-Sweden_Various_Various_QW_4v4__4on4__s__vs_cute_dm3_daver.qwd	daver	C	val	11336	85913	0.684	1537.5	326.5	85cdd9444d5c0030bdcbd97fa3fd1cae67f19ef5e6c42b435943bee97b7ad9cd
SmackDown3__game_606_THDM_FA_4_DM3_driz.qwd	driz	A	val	5295	87006	0.905	1041.7	331.1	cb70af7551ca9b6e97e603b25a3d334cb5260884c099039ece955a801f2c3e08
smackdown2__E_vs_L_Goljat_dm3.qwd	e	B	val	8106	86881	0.782	1423.6	326.1	30eeef3eecb23b1a241dfffadeaebf0c94b77582ba200dc7ef9eddafa2246e63
smackdown2__60_forsberg_dm3_e1m2.qwd	e1m2	A	val	40997	181327	0.901	1454.9	323.0	9324f115bf9cca92ce0c12cafe6254568cc12cd17e7e666f7b7001f4476ed107
smackdown__akke_e3_dm3-1.qwd	e3	A	val	11105	86648	0.991	1569.0	321.7	f48a5f97b7ec1685314bfb36041b91df8d99670546f80f550f5af1f5d96f0b13
smackdown__exile_e3_dm3-1.qwd	e3	A	val	12650	87139	0.994	1184.9	303.4	8748fc82f4d1e64f1b5daa370d92ea454264317796184613c564bc011dfedd11
SmackDown3__game_558_ED_WR_1_DM3_exile.qwd	exile	B	val	5373	87121	0.881	4484.0	324.8	057521f6b2add9222a9eeed4a6ba001b2c72c340ae3fb98f36b1aa2d4d8439f2
quakeworld__CHTV_Fired-USA_Fnu-USA_Sassa_dm3_QuakeWorld_4v4__fnu_sassa_[_fnu]_-_[f]_4-4_dm3_.qwd	f	C	val	18412	94593	0.445	920.9	320.7	9a2fd109258fd0ce69ee011faa5b0d1ef9e624da885216ab70414da16ea813b0
smackdown2__game_263_LoW_FULL_1_DM3_FC-Tiger.qwd	fc	B	val	30052	74616	0.808	1619.9	319.3	c566f0140bc0131288bb2b7eae14a511c507163ca3ba3e5ea7148ea0fafb8d48
smackdown__ff_pietro__ff__vs___E__dm3_2.qwd	ff	A	val	10099	95679	0.994	1876.0	320.0	ad57481d6030958ae8309b7f8e1eb197ce1cc0847e0163bd7780e378d5cf7f3c
smackdown__cmf_bad_2_dm3_fifi.qwd	fifi	B	val	8399	86183	0.746	1265.9	324.0	cbc32e7de0f3bf040e8c6d6c3d92729796c9988b80e0d53534438034223bd774
smackdown__fifi_vs_tot_dm3.qwd	fifi	A	val	9042	87848	0.979	1161.0	322.6	ed6893938914104ddc3947c9151603e49589d9967f83878eb5a20b4b5883f88f
smackdown___GDS__SEER_gds_vs_adm_dm3.qwd	gds	B	val	9040	82813	0.842	1257.6	323.5	bb250106419bfdf13cf5439348bf6ef6787f45331fbb9617176901a3fe587d02
smackdown__amd_jod_1_dm3_glad.qwd	glad	A	val	10112	89426	0.987	1641.7	324.3	ea15e972369d9ec5f9fd262b9542a2567a2fde54fa604d79a63375983a35f7c6
smackdown__gds_adm_2_dm3_gobo.qwd	gobo	C	val	9059	87629	0.631	1454.3	319.3	1589554f2afceb6c19adcf9e0b30bc2241bba6ef5027b18b1741b675bdfb8572
smackdown2__dnex-fff-gq-dm3.qwd	gq	B	val	2155	90913	0.738	1337.6	320.4	f6f8244751a3ca914a062d650e40098f56b6085c4d386c13187983025c0c48a6
quakeworld__CHTV_Camp-Sweden_HGC-Poland_hagge_dm3_QuakeWorld_4v4__hagge_camp_vs_hgc_dm3_3.qwd	hagge	A	val	44428	100838	0.979	1106.9	323.1	55dfd682bbe0aa01c588f219f6061c2ec9a0409793fe4edb9c1fd00037718bf1
quakeworld__CHTV_FS-Netherlands_hpr-Germany_razor_dm3_QuakeWorld_4v4__razor[[fs]]-[hpr]_4-4_dm3_.qwd	hpr	B	val	24725	87136	0.805	865.5	322.1	92cde2ee4d43f3ad0ffa90971130b100bff5c0956716247171d2dc5d2db82657
smackdown2__omg_goh_1_dm3_Janus.qwd	janus	B	val	8057	86994	0.798	961.4	314.4	c86a1a2ef7ebcf6cf90bb4decddcd55a22243b4aa3dcce712f367106f6adecec
quakeworld__CHTV_Warriors_of_the_Realm-Sweden_Various-Sweden_Various_Various_QW_4v4__4on4_wr_vs_doom_dm3_liech.qwd	liech	C	val	4479	49501	0.57	1867.8	325.8	d55eb5f6c70f4f524a9ac3c1df5f81c8109c7f6c5576ac864e13299b6bdf34ad
smackdown__aw_tdi_3_dm3_mamba.qwd	mamba	B	val	15170	67673	0.762	1331.7	324.5	52aba8daf62d206bfb225ea156be163640cf48df9bf2e9395c2003bcf67f36ec
SmackDown3__game_326_WR_QH_1_DM3_Matsui.qwd	matsui	B	val	19775	88754	0.758	1103.0	325.5	c508b3227724e627c3c03f000c1ae1c971ff427a6746cc45c549d9642bfe22ed
smackdown2__rc_koff_1_dm3_Milamber.qwd	milamber	B	val	4500	86602	0.789	1181.8	335.6	744f6bc0cf638fd5502d93d1f809902e5dac4f9fc2d54fb420f49d58dfa90c40
smackdown2__rc_spas_1_dm3_milamber.qwd	milamber	B	val	4271	86211	0.824	1345.8	332.0	0d0fbcb1d9309bf5e684d8d6b3db8da77b86054ed6be8dc7b909d8d47bdabacd
quakeworld__CHTV_bulldozer_def_drako_pony-USA_cyan_kovaak_myth_ultimo-USA_def_dm3_QW_4v4__2005_07_17_def_zodiak_drako_bulldozer_[vs]_cyan_ultimo_kovaak_myth_dm3_.qwd	myth	A	val	24698	93386	0.991	838.2	334.4	42ff8786a3c572927981d21b5ff02d45d99ddc42056aaa984e352b69a44e0d6f
SmackDown3__game_359_Koff_]SR[_1_DM3_ParadokS.qwd	paradoks	A	val	6602	85861	0.965	990.9	333.5	500a31e9ceada7b5c270a72685af8b096f187a18487130af0b5fe7348a0eae45
smackdown2__list_poc_1_dm3_pd.qwd	pd	B	val	6074	83348	0.75	1341.0	326.0	0bb2d8b088141fa7039337b3c690cc10305f50bb0cac2b277b37387d2f55f034
quakeworld__CHTV_Enslaved-Sweden_Various-Sweden_Various_Various_QW_4v4__4on4_ed_vs_die_dm3_pietro.qwd	pietro	B	val	4475	87611	0.867	963.7	322.7	1725149163740abe0f393e91488728a68233498f2cda50f3d0b92f5d3c5d6cca
SmackDown4__game_721_msr_gs_1_dm3_porto.qwd	porto	A	val	7013	87097	0.95	941.8	330.6	63c2e8f5aacff5f648889c19ab8ee22bfa3c68cf262f3d6ba02b5b4fd0969e13
SmackDown4__game_730_db_msr_3_dm3_porto.qwd	porto	B	val	8694	87795	0.753	1524.7	323.2	f675a760664007b571daf59233f70ecc3e07328b530c6ad1c54b8cdbb8a8807f
smackdown2__aok_mu_1_dm3_povo.qwd	povo	C	val	3033	86227	0.483	833.7	335.0	d825efd482335956677455e8df60df2887e5c1b21f7d90d1dd931cca62b79e41
quakeworld__CHTV_mm-Australia_soda-Australia_psikaar_dm2_dm3_e1m2_QW_4v4___psikaar_-_[4on4_mm_vs_soda]_-_[dm3]_000.qwd	psikaar	C	val	18442	91477	0.667	986.0	330.7	28b1dac6fc61441a0de77459979d3692ca3d811419bd779e910e152c1078cbb9
quakeworld__CHTV_FITH-USA_DM-USA_chief[FITH]_dm3_QW_4v4__qil2-vsdm-chief3.qwd	qil2	C	val	18365	89846	0.669	1195.4	299.0	61260a15ec019717842db686d1f417f0ebdbb3a10afd91dcf0c75e19d79794bf
smackdown2__D_Icem_2_dm3_Rat.qwd	rat	B	val	8082	84757	0.823	1947.5	325.3	a0a1c564ff3aeb4217d680ff675bf4005db6decd9605f2831460a84a09438996
smackdown2__chtv-smackdown2-daltons-vs-firingsquad-dm3-2-rat.qwd	rat	A	val	12924	89266	0.905	1252.2	319.7	d9961db16bcabe1348ae8a6030f29f6297a068c3a7586d7387340b30849f8c1d
smackdown__tvs_rc_dm3.qwd	rc	A	val	5049	86333	0.902	1088.6	339.6	e6174175ca73d91f46cb1655c1d4df735fa446c5faa40def6de2cd32b7b46c9c
quakeworld__CHTV_Brutal_Deluxe-Sweden_Various-Sweden_Various_Various_QW_4v4__4on4_bd_vs_wr_dm3_ronnie.qwd	ronnie	C	val	8144	72382	0.612	1822.7	319.3	f68317e39bc0c77d3a9012f41997285a084dd73c060d5cf81554f2b7c86cf75d
smackdown__saqfacel0d_lod_vs_fith_dm3.qwd	saqfacel0d	B	val	9365	88325	0.878	1225.4	321.6	f16ec7a0c04d2e09b1bad698f958e5e607a0b92bc381bdc7e37af42a4bbbe898
SmackDown3__sd3_bb_x_vs_ag_dm3.qwd	sd3	C	val	3963	87013	0.676	1691.5	321.2	802858c31dc61dcd6f9d0126dbd0eb8e600c4f01b0a1bd9f4d5743d2222b46c2
smackdown2__aok_mu_1_dm3_skitz.qwd	skitz	B	val	8051	86026	0.77	1955.2	330.2	a6c1468237ae938349f69296a73d47598a5511de97e0c6a538fed8dae17dcc04
SmackDown4__game_746_hf_la_1_dm3_space.qwd	space	A	val	10175	86450	0.978	1105.8	290.2	3893d03cdc75277805193f9dc2a052e32341e55b702e3906f0593e891f247019
SmackDown3__game_596_THDM_PoC_2_DM3_Spice.qwd	spice	C	val	6100	90221	0.603	1270.9	321.1	47b3239d84ac62ec56ffae495f78d82fedde1db5b1079106a97d2d45aee26a85
smackdown2__ic_poc_1_dm3_Stez.qwd	stez	C	val	6182	84008	0.272	1629.8	333.1	2507cf78ef4f082de706b85b439b540af764b242e217fbbc8bdc540ea5ffe058
smackdown__fa_list_1_dm3_syco.qwd	syco	C	val	7099	50607	0.217	1333.9	175.3	02ae6eb5510ad32189a101158ac555d98415ad5c33df84e8a9d75d21595eb13d
smackdown2__game_258_ANTX_defs_4_DM3_torX.qwd	torx	B	val	9609	76401	0.835	1360.7	319.4	a66bc981b2f7f67a960d99741d879ea8f4a493c1a12efb070db282a8d68aea69
quakeworld__CHTV_Newtov-USA_Trick-USA_Newtov_DM3_QuakeWorld_Trick__trick4.qwd	trick4	A	val	228	707	0.997	513.8	415.5	ffc09143df47e32211ec4e0b09b62dc0a869c42c38a4a21b69c3b9e5857d287f
smackdown2__cmf_plg_2_dm3_vert.qwd	vert	B	val	14597	84404	0.898	1054.2	319.2	3183c6c234191318b16318c18ba91fb69efa2dbd16c67a2bcefa00f51f749d09
quakeworld__CHTV_Dunno-Sweden_Various-Sweden_Various_Various_QW_4v4__4on4_d_vs_fu_dm3_von.qwd	von	B	val	12810	72594	0.753	953.3	320.0	eb9cc90b91bcc1a806ad302d1c23017b450b4d372e8150cba01c7f6dfd4b696a
SmackDown4__game_718_SA_msr_2_DM3_Wart.qwd	wart	B	val	3318	86361	0.795	1357.1	326.5	2e224bd91dd90b4df3ab7819b6306a44401c25037c325ce97f605b38358a4cca
SmackDown4__game_714_tec__l__1_dm3_white.qwd	white	A	val	9258	92286	0.984	1036.5	323.9	d01abd9afa2d47497b75f4343ca28bca8e05663f51fd0a76d669aba89852f11a
smackdown2__GQ_DG_1_dm3_ziploc.qwd	ziploc	C	val	4737	87046	0.673	2698.2	326.5	5788513ddf650552d78b45fe93ae89fd60101e550eced5cda06801764e76b4a3
